[{"model": "mainsite.address", "pk": 1, "fields": {"profile": 1, "physical_address": "Ombeyi Mkt", "postal_address": 33, "postal_code": 40101, "city": "Ahero", "site_map": null}}, {"model": "mainsite.contact", "pk": 1, "fields": {"profile": 1, "phone": "+254712170346", "whatsapp": "+254712170346", "facebook": "https://www.facebook.com/AriseShineCBOKe/", "twitter": "https://twitter.com/AriseShineCC_Ke?s=09", "email": "info@ariseandshinecc.org"}}, {"model": "mainsite.impact", "pk": 1, "fields": {"project": 2, "impact_text": "Access to Affordable health care by community members"}}, {"model": "mainsite.impact", "pk": 2, "fields": {"project": 2, "impact_text": "Reduced mortality rate in the community especially infant mortality"}}, {"model": "mainsite.impact", "pk": 3, "fields": {"project": 3, "impact_text": "Enhanced digital literacy among the youth"}}, {"model": "mainsite.impact", "pk": 4, "fields": {"project": 4, "impact_text": "Enhanced girl's child education"}}, {"model": "mainsite.media", "pk": 1, "fields": {"picture": "images/2020/10/25/educators_induction.jpg", "caption": "Peer educators and counselors during induction on Self-Test HIV Testing Services(HTS) at Las Iguanas, Ombeyi", "carousel": false}}, {"model": "mainsite.media", "pk": 2, "fields": {"picture": "images/2020/11/12/youth_women_busy_carc_002.jpg", "caption": "Local youth and women involved in our community agricultural farm.", "carousel": false}}, {"model": "mainsite.media", "pk": 3, "fields": {"picture": "images/2020/11/12/offloading_desks_nyang-min.jpg", "caption": "Pupils' desks being offloaded at Nyang' Primary School", "carousel": false}}, {"model": "mainsite.media", "pk": 4, "fields": {"picture": "images/2020/11/12/educators_counselors_photo-min.jpg", "caption": "HTS counselors and peer educators posing for a group photo in front of our office.", "carousel": false}}, {"model": "mainsite.media", "pk": 5, "fields": {"picture": "images/2021/03/04/Nyang_primary_new_MMdWvqF.jpg", "caption": "The new classroom block at Nyang' Primary", "carousel": false}}, {"model": "mainsite.media", "pk": 6, "fields": {"picture": "images/2020/11/12/our_smart_farm-min.jpg", "caption": "Our community smart farm", "carousel": false}}, {"model": "mainsite.media", "pk": 7, "fields": {"picture": "images/2020/11/12/digital_literacy_students.jpg", "caption": "Computer students during a computer training session at our offices in Ombeyi center", "carousel": true}}, {"model": "mainsite.media", "pk": 8, "fields": {"picture": "images/2020/11/16/ombeyi_girls_dorm-min.jpg", "caption": "Girls' dormitory block at Ombeyi Secondary school", "carousel": false}}, {"model": "mainsite.media", "pk": 9, "fields": {"picture": "images/2020/11/16/ramula_maternity_ward-min.JPG", "caption": "Inside Ramula maternity ward", "carousel": false}}, {"model": "mainsite.media", "pk": 10, "fields": {"picture": "images/2020/11/16/ramula_maternity_wing-min.JPG", "caption": "Ramula health centre maternity wing", "carousel": false}}, {"model": "mainsite.media", "pk": 11, "fields": {"picture": "images/2020/11/16/handover_ceremony-min.JPG", "caption": "Former Governor of Kisumu Hon. Ranguma with Japanese Ambassodor to  Kenya and Founder of Arise and Shine Care Center Mr. Erick Dudi during handing over of Ramula maternity wing", "carousel": false}}, {"model": "mainsite.media", "pk": 13, "fields": {"picture": "images/2021/03/04/hivst_kits_distribution_t1xXP2i.jpg", "caption": "Peer educators distributing kits", "carousel": true}}, {"model": "mainsite.media", "pk": 14, "fields": {"picture": "images/2021/03/04/carc_farm.jpg", "caption": "The Community Agricultural Resource Center farm", "carousel": true}}, {"model": "mainsite.media", "pk": 15, "fields": {"picture": "images/2021/03/04/Pupil_nyang_dMQsENE.jpg", "caption": "A pupil at Nyang' using the water tap installed at their school", "carousel": false}}, {"model": "mainsite.media", "pk": 16, "fields": {"picture": "images/2021/03/04/Pupils_in_class_nyang_eoabhJE.jpg", "caption": "Pupils sitting comfortably in one of the newly constructed classroom at Nyang' primary", "carousel": true}}, {"model": "mainsite.media", "pk": 17, "fields": {"picture": "images/2021/06/09/vigorous_tomato_plants_in_greenhouse.jpeg", "caption": "Heathly and vigorous tomato plants in a green house.", "carousel": false}}, {"model": "mainsite.media", "pk": 18, "fields": {"picture": "images/2021/06/09/farmers_admire_tomatoes_fruits.jpeg", "caption": "Local farmers admiring tomato fruits in our community smart farm", "carousel": false}}, {"model": "mainsite.media", "pk": 19, "fields": {"picture": "images/2021/06/09/healthy_tomatoes_in_greenhouse.jpeg", "caption": "Smart farm products", "carousel": false}}, {"model": "mainsite.media", "pk": 20, "fields": {"picture": "images/2021/06/09/member_inspect_tomatoes_in_greenhouse.jpeg", "caption": "One of organization member inspecting crops in our smart farm greenhouse", "carousel": false}}, {"model": "mainsite.media", "pk": 21, "fields": {"picture": "images/2021/06/09/local_farmer_admiring_healthy_fruits.jpeg", "caption": "Farmer from the local community admires a vigorous and healthy tomato fruit in our community green house.", "carousel": true}}, {"model": "mainsite.member", "pk": 1, "fields": {"first_name": "Erick", "last_name": "Dudi", "other_names": "Onyango", "id_number": "27044085", "date_of_birth": "1989-02-22", "phone_number": "+254712170346", "email_address": "erickdudi@ariseandshinecc.org", "profession": null, "occupation": "Village admin", "designation": "Director", "profile_photo": ""}}, {"model": "mainsite.member", "pk": 2, "fields": {"first_name": "Enocka", "last_name": "Odongo", "other_names": "Ochieng", "id_number": "32010821", "date_of_birth": "1970-07-01", "phone_number": "+254711982590", "email_address": "enockaodongo@ariseandshinecc.org", "profession": "Environmentalist", "occupation": null, "designation": "Program Manager", "profile_photo": ""}}, {"model": "mainsite.member", "pk": 3, "fields": {"first_name": "Doreen", "last_name": "Onyuro", "other_names": "Anyiri", "id_number": "27095671", "date_of_birth": "1970-07-01", "phone_number": "+254704989893", "email_address": "doreenonyuro@ariseandshinecc.org", "profession": "Teacher", "occupation": null, "designation": "Accountant", "profile_photo": ""}}, {"model": "mainsite.member", "pk": 4, "fields": {"first_name": "Ezekiel", "last_name": "Omwoso", "other_names": "Mbowe", "id_number": "23782505", "date_of_birth": "1989-02-22", "phone_number": "+254715588287", "email_address": "ezekielomwoso@ariseandshinecc.org", "profession": null, "occupation": null, "designation": "Hr", "profile_photo": ""}}, {"model": "mainsite.newsevent", "pk": 3, "fields": {"headline": "HIV Self-testing (HIVST) Project", "content": "We are currently distributing HIVST Kits in Muhoroni and Nyando sub-counties, Kisumu County. The kits are distributed free of charge primarily to male youths. The kits are oraquick, insti and sure check.\r\nAsk for your preferred kit today.", "external_link": "https://www.ariseandshinecc.org/projects-and-programmes/health/hiv-self-testing-project/", "pub_date": "2021-03-03T14:49:23Z", "slug": "hiv-self-testing-hivst-project", "media": []}}, {"model": "mainsite.newsevent", "pk": 5, "fields": {"headline": "Education Update", "content": "We are happy to report that the the Project for the Improvement of Educational Infrastructure - Construction of 8 modern classrooms and 8 pit latrines at Nyang Primary School in Muhoroni sub-county, Kisumu County is complete. \r\n\r\nWe remained grateful to the community for embracing the project, the contractor for the good and timely work, our kind donor - The People of Japan and finally to the Almighty God for His wisdom and Knowledge.", "external_link": null, "pub_date": "2021-01-20T09:59:20Z", "slug": "education-update", "media": []}}, {"model": "mainsite.objective", "pk": 1, "fields": {"profile": 1, "objective": "Empowerment of youths and women to be productive in the society by provision of variety of trainings in economic, education, social and culture and also help create a youth to volunteer in community development work."}}, {"model": "mainsite.objective", "pk": 2, "fields": {"profile": 1, "objective": "To protect the resources in our society and nurture the environment."}}, {"model": "mainsite.objective", "pk": 3, "fields": {"profile": 1, "objective": "Advocate and create awareness on human and democratic rights, HIV/AIDS, drug and substance abuse, gender based violence, child protection and to promote community health and sanitation."}}, {"model": "mainsite.objective", "pk": 4, "fields": {"profile": 1, "objective": "To provide educational programs."}}, {"model": "mainsite.objective", "pk": 5, "fields": {"profile": 1, "objective": "Creation of job opportunities targeting the less privileged women and youth in the community."}}, {"model": "mainsite.partner", "pk": 2, "fields": {"partner_name": "Embassy of France to Kenya (SFD)", "partner_category": "Gov", "link": null, "logo": "images/logos/france-kenya-2.png"}}, {"model": "mainsite.partner", "pk": 3, "fields": {"partner_name": "The Government of Japan (GGP)", "partner_category": "Gov", "link": null, "logo": "images/logos/Flag_of_Japan_bordered.png"}}, {"model": "mainsite.partner", "pk": 5, "fields": {"partner_name": "Population Service Kenya", "partner_category": "NGO", "link": null, "logo": "images/logos/PS_Kenya_logo.png"}}, {"model": "mainsite.profile", "pk": 1, "fields": {"brand": "Arise and shine Care Centre", "about": "Arise and Shine Care Center is a Non-Profit Community Based Organization that was founded by a few youth  in April 2010, and  registered on 2nd November same year under the Ministry of Labor, Social Security and Services. \r\n\r\nThe establishment of the C.B.O was conceived after a series of studies about the needs of women and youth was conducted.  The study revealed a serious lack of information among women and youth in our society, hence the creation of this organization to provide the vital information to youth. Pulling women and youth together and engaging them in various activities would enable them to arise from their state of hopelessness and/or lack of information and shine in the society, hence the name ARISE and SHINE.", "mission": "To develop an effective organization with sustainable programs aimed at youth and women empowerment and promotion of community and family based sustainable intervention.", "vision": "To be an organization with instrumental programs aimed at achieving an empowered community with avenues for sustainable development, reducing poverty index and giving top priority to the less privileged women in the community.", "slogan": "unity is prosperity"}}, {"model": "mainsite.project", "pk": 1, "fields": {"project_name": "Community Agricultural Resource Center", "thematic_area": "livelihood", "project_description": "With the impacts of climate change, food insecurity has taken the center stage with many community members impacted negatively. With an effort to address this, our organization set up a Community and Youth Agricultural Resource Center Program (CARC) – climate smart farm in January 2020 with the aim of addressing food insecurity in the area and inspiring more people to establish similar projects and create employment for youth and women. This enables the community members to sustainably operate community-based climate smart farms. This project is located in Kiliti village, Ramula Sub-location, Ombeyi area in Muhoroni sub-county.\r\n\r\nOur CARC project has continued to not only offer hands-on training to women and youth, but also provide employment to local women and youth besides supplying fresh vegetables to locals at affordable prices. The project currently employs 6 women and 2 men (youth). Our farming project has already inspired two groups which has established similar projects and are continuing to grow and supply vegetables to the local market. This has reduced the cost and uncertainties of doing business among some women since they do not now travel long distances in search of vegetables. This has greatly help in the face of COVID-19 where movement is restricted and market centers closed.", "start_date": "2019-01-05", "end_date": null, "slug": "community-agricultural-resource-center", "partners": [], "donations": [], "media": [2, 6, 14, 17, 18, 19, 20, 21]}}, {"model": "mainsite.project", "pk": 2, "fields": {"project_name": "Establishment of Ramula Health Center and Construction of Ramula Maternity Wing", "thematic_area": "health", "project_description": "Our organization established and registered Ramula Health Center in the year 2014. Access to affordable and better health care was a dream for many community members by then. Having established the center, mortality rate continued to be high due to lack of delivery facility in the community. This prompted us to seek support from the People of Japan through their GGP to construct a Maternity Wing towards reducing the high infant mortality rate. \r\n\r\nThe Ramula Health Center has continued to offer health care services to hundreds of community members daily and has greatly reduced infant mortality rate. Our effort has also attracted the County Government of Kisumu to put us staffs’ houses, male ward, sunk a borehole for water supply and open up access road to the health center.", "start_date": "2015-01-26", "end_date": "2016-01-26", "slug": "establishment-ramula-health-center-and-construction-ramula-maternity-wing", "partners": [3], "donations": [], "media": [9, 10]}}, {"model": "mainsite.project", "pk": 3, "fields": {"project_name": "Enhancing digital literacy among the youth", "thematic_area": "education", "project_description": "With the globalization, technology continues to play a critical role. We are training youths especially form four leavers and college students on basic and intermediate computer skills. This is enhancing their computer literacy. We are also providing a platform to college students who come to practice their computer skills while training youth and at the same time receiving some stipend. \r\n\r\nOur resource center is contributing to computer literacy among the youth, the skill which is currently preferred by many employers.", "start_date": "2015-12-26", "end_date": null, "slug": "enhancing-digital-literacy-among-youth", "partners": [], "donations": [], "media": [7]}}, {"model": "mainsite.project", "pk": 4, "fields": {"project_name": "Construction of Girls’ Dormitory at Ombeyi Secondary School", "thematic_area": "education", "project_description": "With an effort to enhance girl child education, our organization through partnership with the Embassy of France to Kenya, constructed a dormitory block at Ombeyi Secondary School to enable more girls to board towards increasing their study time. The girl child education has for many years been overlooked and the girls are being burdened with a lot of unpaid care work reducing their study time. The construction of the dormitory has seen more girls board hence their performance enhanced.", "start_date": "2016-12-26", "end_date": "2017-12-26", "slug": "construction-of-girls-dormitory-at-ombeyi-secondary-school", "partners": [2], "donations": [], "media": [8]}}, {"model": "mainsite.project", "pk": 5, "fields": {"project_name": "Improvement of Educational infrastructure at Nyang Primary school", "thematic_area": "education", "project_description": "In 2019, Arise and Shine Care Center sought  support from the People of Japan through the Grant Assistance for Grassroots  Human Security Projects (GGP) to improve the educational infrastructure of Nyang Primary School. The school had 8 classrooms which were all mud walled with most classrooms at the verge of collapsing; 2 temporary pit latrines which were insufficient for the school’s population. The school is found in the remote areas of the sub-county surrounded by sugarcane plantations posing insecurity to the pupils. Parents in the area use a lot of resources to facilitate education of their children despite the prevailing high poverty levels in the areas.  \r\n\r\nThrough the support, we managed to construct 8 modern classrooms and 8 pit latrines for the school. This effort attracted contribution from the community which supported the project through fencing, construction administration block and additional 5 latrines.\r\n\r\nThe project has enhanced the educational status of the area.", "start_date": "2020-03-26", "end_date": "2021-03-10", "slug": "improvement-educational-infrastructure-nyang-primary-school", "partners": [3], "donations": [], "media": [5, 15]}}, {"model": "mainsite.project", "pk": 6, "fields": {"project_name": "Community Resource Center (Provision of Social Services)", "thematic_area": "social-Protection", "project_description": "Our offices at Ombeyi center has continued to provide social services to community members. These include facilitating registration of self-help groups, youth groups, women groups and community-based organizations. We continue to support them in processing all the necessary documents and reduce the expenses that were initially incurred by the groups in traveling forth and back. Our resource center is continuing to provide support to these groups on sustainability and on leadership. \r\n\r\nOur team is conducting regular training to these social groups on their needs that ranges from and not limited to leadership and conflict management, business management, access to finances among others.", "start_date": "2012-11-26", "end_date": null, "slug": "community-resource-center-provision-social-services", "partners": [], "donations": [], "media": []}}, {"model": "mainsite.project", "pk": 7, "fields": {"project_name": "Environmental Conservation", "thematic_area": "environment", "project_description": "Our organization is supporting community conservation actions such as wetland protection, tree planting exercises and energy conservation. Human survival is dependent on the environment hence cleaner and healthier environment is vital. We continue to support women on cooking energy conservation measures towards reducing indoor air pollution and premature deaths. \r\n\r\nWe have also established tree nursery towards supporting the forestation programmes.", "start_date": "2012-08-27", "end_date": null, "slug": "environmental-conservation", "partners": [], "donations": [], "media": []}}, {"model": "mainsite.project", "pk": 8, "fields": {"project_name": "HIV Self-testing Project", "thematic_area": "health", "project_description": "HIV testing services are essential gateway to HIV Prevention, treatment, care and support services. The World Health Organization (WHO) and the Joint United Nations Programme on HIV/AID (UNAIDS) endorse and encourage universal access to knowledge of HIV status.  \r\n\r\nOur organization in partnership with Population Services Kenya is carrying out HIV Self Testing project in Muhoroni sub-county, Kisumu County. The project is geared towards increasing HIV Self-test uptake among men aged 18 -34 years. This project is enabling youth to make informed personal decision concerning their health. We bring to you HIVST Kits that are internationally approved, tested and proven to offer 99% accuracy. The HIVST Kits are OraQuick, Insti and Sure Check. \r\n\r\nThe project is engaging local youths as promoters and HTS Counselors. The male youth are now reached and they could know their HIV Status at their convenience.", "start_date": "2020-09-01", "end_date": null, "slug": "hiv-self-testing-project", "partners": [5], "donations": [], "media": [13]}}, {"model": "mainsite.value", "pk": 1, "fields": {"profile": 1, "core_value": "Volunteerism"}}, {"model": "mainsite.value", "pk": 2, "fields": {"profile": 1, "core_value": "Sharing Knowledge"}}, {"model": "mainsite.value", "pk": 3, "fields": {"profile": 1, "core_value": "Professionalism"}}, {"model": "mainsite.value", "pk": 4, "fields": {"profile": 1, "core_value": "Integrity"}}, {"model": "mainsite.value", "pk": 5, "fields": {"profile": 1, "core_value": "Collaboration"}}, {"model": "admin.logentry", "pk": 1, "fields": {"action_time": "2020-10-24T12:55:58.460Z", "user": 1, "content_type": 19, "object_id": "1", "object_repr": "Managers", "action_flag": 1, "change_message": "[{\"added\": {}}]"}}, {"model": "admin.logentry", "pk": 2, "fields": {"action_time": "2020-10-24T12:56:11.478Z", "user": 1, "content_type": 19, "object_id": "1", "object_repr": "Managers", "action_flag": 3, "change_message": ""}}, {"model": "admin.logentry", "pk": 3, "fields": {"action_time": "2020-10-24T13:53:37.611Z", "user": 1, "content_type": 7, "object_id": "1", "object_repr": "Arise and shine Care Centre", "action_flag": 1, "change_message": "[{\"added\": {}}, {\"added\": {\"name\": \"objective\", \"object\": \"1. Empowerment of youths and women to be productive in the society by provision of variety training in economic, education, social and culture and also help create a youth to volunteer in community development work.\"}}, {\"added\": {\"name\": \"objective\", \"object\": \"To protect the resources in our society and nurture the environment.\"}}, {\"added\": {\"name\": \"objective\", \"object\": \"Advocate and create awareness on human and democratic rights, HIV/AIDS, drug and substance abuse, gender based violence, child protection and to promote community health and sanitation.\"}}, {\"added\": {\"name\": \"objective\", \"object\": \"To provide educational programs\"}}, {\"added\": {\"name\": \"objective\", \"object\": \"Creation of job opportunities targeting the less privileged women in the community.\"}}, {\"added\": {\"name\": \"Core value\", \"object\": \"Volunteerism\"}}, {\"added\": {\"name\": \"Core value\", \"object\": \"Sharing Knowledge\"}}, {\"added\": {\"name\": \"Core value\", \"object\": \"Professionalism\"}}, {\"added\": {\"name\": \"Core value\", \"object\": \"Integrity\"}}, {\"added\": {\"name\": \"Core value\", \"object\": \"Collaboration\"}}, {\"added\": {\"name\": \"address\", \"object\": \"Ombeyi Mkt, P.O BOX 18 - 40106, Miwani\"}}]"}}, {"model": "admin.logentry", "pk": 4, "fields": {"action_time": "2020-10-25T04:44:32.429Z", "user": 1, "content_type": 19, "object_id": "2", "object_repr": "Managers", "action_flag": 1, "change_message": "[{\"added\": {}}]"}}, {"model": "admin.logentry", "pk": 5, "fields": {"action_time": "2020-10-25T04:44:59.286Z", "user": 1, "content_type": 19, "object_id": "2", "object_repr": "Managers", "action_flag": 2, "change_message": "[]"}}, {"model": "admin.logentry", "pk": 6, "fields": {"action_time": "2020-10-25T04:45:22.985Z", "user": 1, "content_type": 19, "object_id": "2", "object_repr": "Managers", "action_flag": 2, "change_message": "[]"}}, {"model": "admin.logentry", "pk": 7, "fields": {"action_time": "2020-10-25T06:10:01.562Z", "user": 1, "content_type": 7, "object_id": "1", "object_repr": "Arise and shine Care Centre", "action_flag": 2, "change_message": "[{\"changed\": {\"fields\": [\"About\"]}}]"}}, {"model": "admin.logentry", "pk": 8, "fields": {"action_time": "2020-10-25T06:11:27.844Z", "user": 1, "content_type": 7, "object_id": "1", "object_repr": "Arise and shine Care Centre", "action_flag": 2, "change_message": "[{\"changed\": {\"fields\": [\"About\"]}}]"}}, {"model": "admin.logentry", "pk": 9, "fields": {"action_time": "2020-10-25T11:26:32.825Z", "user": 1, "content_type": 3, "object_id": "1", "object_repr": "Peer educators and counselors during inducation on Selft-Test HIV Testing Services(HTS) at Las Iguanas, Ombeyi", "action_flag": 1, "change_message": "[{\"added\": {}}]"}}, {"model": "admin.logentry", "pk": 10, "fields": {"action_time": "2020-10-26T11:26:35.597Z", "user": 1, "content_type": 20, "object_id": "2", "object_repr": "enocka-odongo", "action_flag": 1, "change_message": "[{\"added\": {}}]"}}, {"model": "admin.logentry", "pk": 11, "fields": {"action_time": "2020-10-26T11:27:13.087Z", "user": 1, "content_type": 20, "object_id": "2", "object_repr": "enocka-odongo", "action_flag": 2, "change_message": "[{\"changed\": {\"fields\": [\"Staff status\", \"Groups\"]}}]"}}, {"model": "admin.logentry", "pk": 12, "fields": {"action_time": "2020-10-26T14:03:28.853Z", "user": 1, "content_type": 7, "object_id": "1", "object_repr": "Arise and shine Care Centre", "action_flag": 2, "change_message": "[{\"added\": {\"name\": \"contact\", \"object\": \"Arise and shine Care Centre contact\"}}]"}}, {"model": "admin.logentry", "pk": 13, "fields": {"action_time": "2020-10-26T14:44:06.866Z", "user": 2, "content_type": 9, "object_id": "1", "object_repr": "Community Agricultural Resource Center", "action_flag": 1, "change_message": "[{\"added\": {}}]"}}, {"model": "admin.logentry", "pk": 14, "fields": {"action_time": "2020-10-26T14:52:48.969Z", "user": 2, "content_type": 6, "object_id": "1", "object_repr": "The Government of Japan (GGP)", "action_flag": 1, "change_message": "[{\"added\": {}}]"}}, {"model": "admin.logentry", "pk": 15, "fields": {"action_time": "2020-10-26T15:00:20.058Z", "user": 2, "content_type": 9, "object_id": "2", "object_repr": "Establishment of Ramula Health Center and construction of Ramula Maternity Wing", "action_flag": 1, "change_message": "[{\"added\": {}}, {\"added\": {\"name\": \"impact\", \"object\": \"Access to Affordable health care by community members\"}}, {\"added\": {\"name\": \"impact\", \"object\": \"Reduced mortality rate in the community especially infant mortality\"}}]"}}, {"model": "admin.logentry", "pk": 16, "fields": {"action_time": "2020-10-26T15:13:50.315Z", "user": 2, "content_type": 9, "object_id": "3", "object_repr": "Enhancing digital literacy among the youth", "action_flag": 1, "change_message": "[{\"added\": {}}, {\"added\": {\"name\": \"impact\", \"object\": \"Enhancing digital literacy among the youth\"}}]"}}, {"model": "admin.logentry", "pk": 17, "fields": {"action_time": "2020-10-26T15:19:48.219Z", "user": 2, "content_type": 6, "object_id": "2", "object_repr": "Embassy of France to Kenya (SFD)", "action_flag": 1, "change_message": "[{\"added\": {}}]"}}, {"model": "admin.logentry", "pk": 18, "fields": {"action_time": "2020-10-26T15:21:14.198Z", "user": 2, "content_type": 9, "object_id": "4", "object_repr": "Construction of Girls’ Dormitory at Ombeyi Secondary School", "action_flag": 1, "change_message": "[{\"added\": {}}, {\"added\": {\"name\": \"impact\", \"object\": \"Enhanced girl's child education\"}}]"}}, {"model": "admin.logentry", "pk": 19, "fields": {"action_time": "2020-10-26T15:30:50.792Z", "user": 2, "content_type": 6, "object_id": "3", "object_repr": "The Government of Japan (GGP)", "action_flag": 1, "change_message": "[{\"added\": {}}]"}}, {"model": "admin.logentry", "pk": 20, "fields": {"action_time": "2020-10-26T15:33:49.985Z", "user": 2, "content_type": 9, "object_id": "5", "object_repr": "Improvement of Educational infrastructure at Nyang Primary school", "action_flag": 1, "change_message": "[{\"added\": {}}]"}}, {"model": "admin.logentry", "pk": 21, "fields": {"action_time": "2020-10-26T15:41:45.231Z", "user": 2, "content_type": 9, "object_id": "6", "object_repr": "Community Resource Center (Provision of Social Services)", "action_flag": 1, "change_message": "[{\"added\": {}}]"}}, {"model": "admin.logentry", "pk": 22, "fields": {"action_time": "2020-10-27T08:07:20.870Z", "user": 1, "content_type": 6, "object_id": "3", "object_repr": "The Government of Japan (GGP)", "action_flag": 2, "change_message": "[{\"changed\": {\"fields\": [\"Logo\"]}}]"}}, {"model": "admin.logentry", "pk": 23, "fields": {"action_time": "2020-10-27T14:00:39.089Z", "user": 2, "content_type": 9, "object_id": "7", "object_repr": "Environmental Conservation", "action_flag": 1, "change_message": "[{\"added\": {}}]"}}, {"model": "admin.logentry", "pk": 24, "fields": {"action_time": "2020-10-27T14:13:22.235Z", "user": 2, "content_type": 9, "object_id": "8", "object_repr": "HIV Self-testing Project", "action_flag": 1, "change_message": "[{\"added\": {}}]"}}, {"model": "admin.logentry", "pk": 25, "fields": {"action_time": "2020-10-27T14:18:13.314Z", "user": 2, "content_type": 9, "object_id": "8", "object_repr": "HIV Self-testing Project", "action_flag": 2, "change_message": "[]"}}, {"model": "admin.logentry", "pk": 26, "fields": {"action_time": "2020-10-27T14:18:32.239Z", "user": 2, "content_type": 9, "object_id": "5", "object_repr": "Improvement of Educational infrastructure at Nyang Primary school", "action_flag": 2, "change_message": "[]"}}, {"model": "admin.logentry", "pk": 27, "fields": {"action_time": "2020-10-27T14:18:47.568Z", "user": 2, "content_type": 9, "object_id": "4", "object_repr": "Construction of Girls’ Dormitory at Ombeyi Secondary School", "action_flag": 2, "change_message": "[]"}}, {"model": "admin.logentry", "pk": 28, "fields": {"action_time": "2020-10-27T14:19:02.400Z", "user": 2, "content_type": 9, "object_id": "2", "object_repr": "Establishment of Ramula Health Center and construction of Ramula Maternity Wing", "action_flag": 2, "change_message": "[]"}}, {"model": "admin.logentry", "pk": 29, "fields": {"action_time": "2020-10-29T11:42:21.954Z", "user": 1, "content_type": 7, "object_id": "1", "object_repr": "Arise and shine Care Centre", "action_flag": 2, "change_message": "[{\"changed\": {\"name\": \"contact\", \"object\": \"Arise and shine Care Centre contact\", \"fields\": [\"Email\"]}}]"}}, {"model": "admin.logentry", "pk": 30, "fields": {"action_time": "2020-10-30T04:15:30.716Z", "user": 1, "content_type": 7, "object_id": "1", "object_repr": "Arise and shine Care Centre", "action_flag": 2, "change_message": "[{\"changed\": {\"name\": \"objective\", \"object\": \"Empowerment of youths and women to be productive in the society by provision of variety training in economic, education, social and culture and also help create a youth to volunteer in community development work.\", \"fields\": [\"Objective\"]}}, {\"changed\": {\"name\": \"objective\", \"object\": \"To provide educational programs.\", \"fields\": [\"Objective\"]}}]"}}, {"model": "admin.logentry", "pk": 31, "fields": {"action_time": "2020-11-02T15:43:08.888Z", "user": 1, "content_type": 6, "object_id": "1", "object_repr": "The Government of Japan (GGP)", "action_flag": 3, "change_message": ""}}, {"model": "admin.logentry", "pk": 32, "fields": {"action_time": "2020-11-02T16:19:32.146Z", "user": 1, "content_type": 3, "object_id": "1", "object_repr": "Peer educators and counselors during inducation on Self-Test HIV Testing Services(HTS) at Las Iguanas, Ombeyi", "action_flag": 2, "change_message": "[{\"changed\": {\"fields\": [\"Picture caption\"]}}]"}}, {"model": "admin.logentry", "pk": 33, "fields": {"action_time": "2020-11-02T16:20:20.976Z", "user": 1, "content_type": 3, "object_id": "1", "object_repr": "Peer educators and counselors during induction on Self-Test HIV Testing Services(HTS) at Las Iguanas, Ombeyi", "action_flag": 2, "change_message": "[{\"changed\": {\"fields\": [\"Picture caption\"]}}]"}}, {"model": "admin.logentry", "pk": 34, "fields": {"action_time": "2020-11-05T12:08:00.017Z", "user": 2, "content_type": 7, "object_id": "1", "object_repr": "Arise and shine Care Centre", "action_flag": 2, "change_message": "[{\"changed\": {\"fields\": [\"About\"]}}, {\"changed\": {\"name\": \"objective\", \"object\": \"Empowerment of youths and women to be productive in the society by provision of variety of trainings in economic, education, social and culture and also help create a youth to volunteer in community development work.\", \"fields\": [\"Objective\"]}}, {\"changed\": {\"name\": \"objective\", \"object\": \"Creation of job opportunities targeting the less privileged women and youth in the community.\", \"fields\": [\"Objective\"]}}]"}}, {"model": "admin.logentry", "pk": 35, "fields": {"action_time": "2020-11-05T12:09:42.589Z", "user": 2, "content_type": 7, "object_id": "1", "object_repr": "Arise and shine Care Centre", "action_flag": 2, "change_message": "[]"}}, {"model": "admin.logentry", "pk": 36, "fields": {"action_time": "2020-11-05T12:14:50.939Z", "user": 2, "content_type": 6, "object_id": "4", "object_repr": "Population Service Kenya", "action_flag": 1, "change_message": "[{\"added\": {}}]"}}, {"model": "admin.logentry", "pk": 37, "fields": {"action_time": "2020-11-05T12:17:27.804Z", "user": 2, "content_type": 9, "object_id": "8", "object_repr": "HIV Self-testing Project", "action_flag": 2, "change_message": "[{\"changed\": {\"fields\": [\"Partners\"]}}]"}}, {"model": "admin.logentry", "pk": 38, "fields": {"action_time": "2020-11-05T12:22:13.508Z", "user": 2, "content_type": 6, "object_id": "5", "object_repr": "Population Service Kenya", "action_flag": 1, "change_message": "[{\"added\": {}}]"}}, {"model": "admin.logentry", "pk": 39, "fields": {"action_time": "2020-11-05T16:55:55.261Z", "user": 2, "content_type": 9, "object_id": "1", "object_repr": "Community Agricultural Resource Center", "action_flag": 2, "change_message": "[{\"changed\": {\"fields\": [\"Start date\"]}}]"}}, {"model": "admin.logentry", "pk": 40, "fields": {"action_time": "2020-11-05T16:57:26.472Z", "user": 2, "content_type": 9, "object_id": "1", "object_repr": "Community Agricultural Resource Center", "action_flag": 2, "change_message": "[{\"changed\": {\"fields\": [\"Project description\"]}}]"}}, {"model": "admin.logentry", "pk": 41, "fields": {"action_time": "2020-11-05T16:59:39.892Z", "user": 2, "content_type": 9, "object_id": "2", "object_repr": "Establishment of Ramula Health Center and Construction of Ramula Maternity Wing", "action_flag": 2, "change_message": "[{\"changed\": {\"fields\": [\"Project name\", \"Partners\"]}}]"}}, {"model": "admin.logentry", "pk": 42, "fields": {"action_time": "2020-11-05T17:16:19.104Z", "user": 2, "content_type": 9, "object_id": "8", "object_repr": "HIV Self-testing Project", "action_flag": 2, "change_message": "[{\"changed\": {\"fields\": [\"Project description\"]}}]"}}, {"model": "admin.logentry", "pk": 43, "fields": {"action_time": "2020-11-05T17:39:46.108Z", "user": 2, "content_type": 11, "object_id": "1", "object_repr": "2020 Annual Report", "action_flag": 1, "change_message": "[{\"added\": {}}]"}}, {"model": "admin.logentry", "pk": 44, "fields": {"action_time": "2020-11-05T17:53:21.029Z", "user": 2, "content_type": 11, "object_id": "2", "object_repr": "HIV Self-testing (HIVST) Project", "action_flag": 1, "change_message": "[{\"added\": {}}]"}}, {"model": "admin.logentry", "pk": 45, "fields": {"action_time": "2020-11-05T17:54:37.757Z", "user": 2, "content_type": 11, "object_id": "1", "object_repr": "2020 Annual Report", "action_flag": 2, "change_message": "[{\"changed\": {\"fields\": [\"Content\"]}}]"}}, {"model": "admin.logentry", "pk": 46, "fields": {"action_time": "2020-11-07T12:22:16.379Z", "user": 1, "content_type": 6, "object_id": "4", "object_repr": "Population Service Kenya", "action_flag": 3, "change_message": ""}}, {"model": "admin.logentry", "pk": 47, "fields": {"action_time": "2020-11-11T16:40:07.465Z", "user": 2, "content_type": 7, "object_id": "1", "object_repr": "Arise and shine Care Centre", "action_flag": 2, "change_message": "[{\"changed\": {\"fields\": [\"About\"]}}]"}}, {"model": "admin.logentry", "pk": 48, "fields": {"action_time": "2020-11-11T16:41:39.211Z", "user": 2, "content_type": 9, "object_id": "7", "object_repr": "Environmental Conservation", "action_flag": 2, "change_message": "[{\"changed\": {\"fields\": [\"Project description\"]}}]"}}, {"model": "admin.logentry", "pk": 49, "fields": {"action_time": "2020-11-11T16:42:18.145Z", "user": 2, "content_type": 9, "object_id": "6", "object_repr": "Community Resource Center (Provision of Social Services)", "action_flag": 2, "change_message": "[{\"changed\": {\"fields\": [\"Project description\"]}}]"}}, {"model": "admin.logentry", "pk": 50, "fields": {"action_time": "2020-11-11T16:46:56.291Z", "user": 2, "content_type": 9, "object_id": "3", "object_repr": "Enhancing digital literacy among the youth", "action_flag": 2, "change_message": "[{\"changed\": {\"fields\": [\"Project description\"]}}, {\"changed\": {\"name\": \"impact\", \"object\": \"Enhanced digital literacy among the youth\", \"fields\": [\"Impact\"]}}]"}}, {"model": "admin.logentry", "pk": 51, "fields": {"action_time": "2020-11-11T16:49:03.979Z", "user": 2, "content_type": 9, "object_id": "1", "object_repr": "Community Agricultural Resource Center", "action_flag": 2, "change_message": "[{\"changed\": {\"fields\": [\"Project description\"]}}]"}}, {"model": "admin.logentry", "pk": 52, "fields": {"action_time": "2020-11-11T16:50:25.095Z", "user": 2, "content_type": 11, "object_id": "2", "object_repr": "HIV Self-testing (HIVST) Project", "action_flag": 2, "change_message": "[{\"changed\": {\"fields\": [\"Content\"]}}]"}}, {"model": "admin.logentry", "pk": 53, "fields": {"action_time": "2020-11-11T16:51:49.849Z", "user": 2, "content_type": 16, "object_id": "1", "object_repr": "Ombeyi Mkt, P.O BOX 33 - 40101, Miwani", "action_flag": 2, "change_message": "[{\"changed\": {\"fields\": [\"Postal address\", \"Postal code\"]}}]"}}, {"model": "admin.logentry", "pk": 54, "fields": {"action_time": "2020-11-11T16:54:34.165Z", "user": 2, "content_type": 16, "object_id": "1", "object_repr": "Ombeyi Mkt, P.O BOX 33 - 40101, Miwani", "action_flag": 2, "change_message": "[]"}}, {"model": "admin.logentry", "pk": 55, "fields": {"action_time": "2020-11-12T12:59:36.488Z", "user": 1, "content_type": 3, "object_id": "2", "object_repr": "Local youth and women involevd in our community agricultural farm.", "action_flag": 1, "change_message": "[{\"added\": {}}]"}}, {"model": "admin.logentry", "pk": 56, "fields": {"action_time": "2020-11-12T13:00:02.259Z", "user": 1, "content_type": 3, "object_id": "2", "object_repr": "Local youth and women involvedd in our community agricultural farm.", "action_flag": 2, "change_message": "[{\"changed\": {\"fields\": [\"Picture caption\"]}}]"}}, {"model": "admin.logentry", "pk": 57, "fields": {"action_time": "2020-11-12T13:03:16.154Z", "user": 1, "content_type": 3, "object_id": "2", "object_repr": "Local youth and women involvedd in our community agricultural farm.", "action_flag": 2, "change_message": "[{\"changed\": {\"fields\": [\"Picture\"]}}]"}}, {"model": "admin.logentry", "pk": 58, "fields": {"action_time": "2020-11-12T13:43:27.679Z", "user": 1, "content_type": 3, "object_id": "3", "object_repr": "Pupils' desks being offloaded at Nyang' Primary School", "action_flag": 1, "change_message": "[{\"added\": {}}]"}}, {"model": "admin.logentry", "pk": 59, "fields": {"action_time": "2020-11-12T13:44:30.282Z", "user": 1, "content_type": 3, "object_id": "4", "object_repr": ":HTS counselors and peer educators posing for a group photo in front of our office.", "action_flag": 1, "change_message": "[{\"added\": {}}]"}}, {"model": "admin.logentry", "pk": 60, "fields": {"action_time": "2020-11-12T13:50:50.773Z", "user": 1, "content_type": 3, "object_id": "5", "object_repr": "The new classroom block at Nyang' Primary", "action_flag": 1, "change_message": "[{\"added\": {}}]"}}, {"model": "admin.logentry", "pk": 61, "fields": {"action_time": "2020-11-12T13:51:24.616Z", "user": 1, "content_type": 3, "object_id": "6", "object_repr": "Our community smart farm", "action_flag": 1, "change_message": "[{\"added\": {}}]"}}, {"model": "admin.logentry", "pk": 62, "fields": {"action_time": "2020-11-12T13:52:58.519Z", "user": 1, "content_type": 9, "object_id": "1", "object_repr": "Community Agricultural Resource Center", "action_flag": 2, "change_message": "[{\"changed\": {\"fields\": [\"Media\"]}}]"}}, {"model": "admin.logentry", "pk": 63, "fields": {"action_time": "2020-11-12T13:54:36.117Z", "user": 1, "content_type": 9, "object_id": "5", "object_repr": "Improvement of Educational infrastructure at Nyang Primary school", "action_flag": 2, "change_message": "[{\"changed\": {\"fields\": [\"Media\"]}}]"}}, {"model": "admin.logentry", "pk": 64, "fields": {"action_time": "2020-11-12T14:08:37.644Z", "user": 1, "content_type": 6, "object_id": "2", "object_repr": "Embassy of France to Kenya (SFD)", "action_flag": 2, "change_message": "[{\"changed\": {\"fields\": [\"Logo\"]}}]"}}, {"model": "admin.logentry", "pk": 65, "fields": {"action_time": "2020-11-12T14:34:31.929Z", "user": 1, "content_type": 6, "object_id": "2", "object_repr": "Embassy of France to Kenya (SFD)", "action_flag": 2, "change_message": "[{\"changed\": {\"fields\": [\"More information\"]}}]"}}, {"model": "admin.logentry", "pk": 66, "fields": {"action_time": "2020-11-12T15:24:41.512Z", "user": 1, "content_type": 3, "object_id": "7", "object_repr": "Computer students during a computer training session at our offices in Ombeyi center", "action_flag": 1, "change_message": "[{\"added\": {}}]"}}, {"model": "admin.logentry", "pk": 67, "fields": {"action_time": "2020-11-12T15:26:13.619Z", "user": 1, "content_type": 3, "object_id": "2", "object_repr": "Local youth and women involved in our community agricultural farm.", "action_flag": 2, "change_message": "[{\"changed\": {\"fields\": [\"Picture caption\"]}}]"}}, {"model": "admin.logentry", "pk": 68, "fields": {"action_time": "2020-11-12T15:42:59.479Z", "user": 1, "content_type": 6, "object_id": "3", "object_repr": "The Government of Japan (GGP)", "action_flag": 2, "change_message": "[{\"changed\": {\"fields\": [\"More information\"]}}]"}}, {"model": "admin.logentry", "pk": 69, "fields": {"action_time": "2020-11-13T08:51:50.002Z", "user": 2, "content_type": 9, "object_id": "2", "object_repr": "Establishment of Ramula Health Center and Construction of Ramula Maternity Wing", "action_flag": 2, "change_message": "[{\"changed\": {\"fields\": [\"Project description\"]}}]"}}, {"model": "admin.logentry", "pk": 70, "fields": {"action_time": "2020-11-13T08:53:25.102Z", "user": 2, "content_type": 9, "object_id": "2", "object_repr": "Establishment of Ramula Health Center and Construction of Ramula Maternity Wing", "action_flag": 2, "change_message": "[{\"changed\": {\"fields\": [\"Project description\"]}}]"}}, {"model": "admin.logentry", "pk": 71, "fields": {"action_time": "2020-11-13T08:54:06.748Z", "user": 2, "content_type": 9, "object_id": "2", "object_repr": "Establishment of Ramula Health Center and Construction of Ramula Maternity Wing", "action_flag": 2, "change_message": "[{\"changed\": {\"fields\": [\"Project description\"]}}]"}}, {"model": "admin.logentry", "pk": 72, "fields": {"action_time": "2020-11-13T10:24:29.207Z", "user": 2, "content_type": 9, "object_id": "2", "object_repr": "Establishment of Ramula Health Center and Construction of Ramula Maternity Wing", "action_flag": 2, "change_message": "[]"}}, {"model": "admin.logentry", "pk": 73, "fields": {"action_time": "2020-11-16T09:34:49.860Z", "user": 1, "content_type": 19, "object_id": "2", "object_repr": "Managers", "action_flag": 2, "change_message": "[{\"changed\": {\"fields\": [\"Permissions\"]}}]"}}, {"model": "admin.logentry", "pk": 74, "fields": {"action_time": "2020-11-16T09:36:52.239Z", "user": 1, "content_type": 9, "object_id": "1", "object_repr": "Community Agricultural Resource Center", "action_flag": 2, "change_message": "[{\"changed\": {\"fields\": [\"Media\"]}}]"}}, {"model": "admin.logentry", "pk": 75, "fields": {"action_time": "2020-11-16T09:52:48.691Z", "user": 1, "content_type": 3, "object_id": "8", "object_repr": "Girls' dormitory block at Ombeyi Secondary school", "action_flag": 1, "change_message": "[{\"added\": {}}]"}}, {"model": "admin.logentry", "pk": 76, "fields": {"action_time": "2020-11-16T09:53:09.881Z", "user": 1, "content_type": 9, "object_id": "4", "object_repr": "Construction of Girls’ Dormitory at Ombeyi Secondary School", "action_flag": 2, "change_message": "[]"}}, {"model": "admin.logentry", "pk": 77, "fields": {"action_time": "2020-11-16T09:54:08.186Z", "user": 1, "content_type": 9, "object_id": "4", "object_repr": "Construction of Girls’ Dormitory at Ombeyi Secondary School", "action_flag": 2, "change_message": "[{\"changed\": {\"fields\": [\"Media\"]}}]"}}, {"model": "admin.logentry", "pk": 78, "fields": {"action_time": "2020-11-16T09:55:25.014Z", "user": 1, "content_type": 9, "object_id": "3", "object_repr": "Enhancing digital literacy among the youth", "action_flag": 2, "change_message": "[{\"changed\": {\"fields\": [\"Media\"]}}]"}}, {"model": "admin.logentry", "pk": 79, "fields": {"action_time": "2020-11-16T11:24:24.671Z", "user": 1, "content_type": 3, "object_id": "9", "object_repr": "Inside Ramula maternity ward", "action_flag": 1, "change_message": "[{\"added\": {}}]"}}, {"model": "admin.logentry", "pk": 80, "fields": {"action_time": "2020-11-16T11:24:29.140Z", "user": 1, "content_type": 9, "object_id": "2", "object_repr": "Establishment of Ramula Health Center and Construction of Ramula Maternity Wing", "action_flag": 2, "change_message": "[{\"changed\": {\"fields\": [\"Media\"]}}]"}}, {"model": "admin.logentry", "pk": 81, "fields": {"action_time": "2020-11-16T11:52:40.714Z", "user": 1, "content_type": 3, "object_id": "10", "object_repr": "Ramula health centre maternity wing", "action_flag": 1, "change_message": "[{\"added\": {}}]"}}, {"model": "admin.logentry", "pk": 82, "fields": {"action_time": "2020-11-16T11:52:45.396Z", "user": 1, "content_type": 9, "object_id": "2", "object_repr": "Establishment of Ramula Health Center and Construction of Ramula Maternity Wing", "action_flag": 2, "change_message": "[{\"changed\": {\"fields\": [\"Media\"]}}]"}}, {"model": "admin.logentry", "pk": 83, "fields": {"action_time": "2020-11-16T11:53:35.671Z", "user": 1, "content_type": 3, "object_id": "11", "object_repr": "Former Governor of Kisumu Hon. Ranguma with Japanese Ambassodor to  Kenya and Founder of Arise and Shine Care Center Mr. Erick Dudi during handing over of Ramula maternity wing", "action_flag": 1, "change_message": "[{\"added\": {}}]"}}, {"model": "admin.logentry", "pk": 84, "fields": {"action_time": "2020-11-16T12:34:35.192Z", "user": 1, "content_type": 3, "object_id": "4", "object_repr": "HTS counselors and peer educators posing for a group photo in front of our office.", "action_flag": 2, "change_message": "[{\"changed\": {\"fields\": [\"Picture caption\"]}}]"}}, {"model": "admin.logentry", "pk": 85, "fields": {"action_time": "2020-11-16T14:31:25.384Z", "user": 2, "content_type": 9, "object_id": "5", "object_repr": "Improvement of Educational infrastructure at Nyang Primary school", "action_flag": 2, "change_message": "[{\"changed\": {\"fields\": [\"Project description\"]}}]"}}, {"model": "admin.logentry", "pk": 86, "fields": {"action_time": "2020-11-16T14:35:09.782Z", "user": 2, "content_type": 3, "object_id": "12", "object_repr": "HIV Self-testing ongoing", "action_flag": 1, "change_message": "[{\"added\": {}}]"}}, {"model": "admin.logentry", "pk": 87, "fields": {"action_time": "2020-11-16T14:35:22.023Z", "user": 2, "content_type": 11, "object_id": "2", "object_repr": "HIV Self-testing (HIVST) Project", "action_flag": 2, "change_message": "[{\"changed\": {\"fields\": [\"Media\"]}}]"}}, {"model": "admin.logentry", "pk": 88, "fields": {"action_time": "2020-11-16T14:38:25.177Z", "user": 2, "content_type": 11, "object_id": "2", "object_repr": "HIV Self-testing (HIVST) Project", "action_flag": 2, "change_message": "[]"}}, {"model": "admin.logentry", "pk": 89, "fields": {"action_time": "2020-11-16T14:41:52.618Z", "user": 2, "content_type": 11, "object_id": "2", "object_repr": "HIV Self-testing (HIVST) Project", "action_flag": 2, "change_message": "[]"}}, {"model": "admin.logentry", "pk": 90, "fields": {"action_time": "2020-11-16T14:43:30.923Z", "user": 2, "content_type": 11, "object_id": "2", "object_repr": "HIV Self-testing (HIVST) Project", "action_flag": 2, "change_message": "[]"}}, {"model": "admin.logentry", "pk": 91, "fields": {"action_time": "2020-11-16T14:47:47.525Z", "user": 2, "content_type": 11, "object_id": "2", "object_repr": "HIV Self-testing (HIVST) Project", "action_flag": 3, "change_message": ""}}, {"model": "admin.logentry", "pk": 92, "fields": {"action_time": "2020-11-16T14:49:59.918Z", "user": 2, "content_type": 11, "object_id": "3", "object_repr": "HIV Self-testing (HIVST) Project", "action_flag": 1, "change_message": "[{\"added\": {}}]"}}, {"model": "admin.logentry", "pk": 93, "fields": {"action_time": "2020-11-16T14:56:13.918Z", "user": 2, "content_type": 11, "object_id": "3", "object_repr": "HIV Self-testing (HIVST) Project", "action_flag": 2, "change_message": "[{\"changed\": {\"fields\": [\"Content\"]}}]"}}, {"model": "admin.logentry", "pk": 94, "fields": {"action_time": "2020-11-16T15:01:58.885Z", "user": 2, "content_type": 11, "object_id": "4", "object_repr": "Education News - Nyang Primary", "action_flag": 1, "change_message": "[{\"added\": {}}]"}}, {"model": "admin.logentry", "pk": 95, "fields": {"action_time": "2020-11-16T15:04:32.921Z", "user": 2, "content_type": 11, "object_id": "4", "object_repr": "Education News - Nyang Primary", "action_flag": 3, "change_message": ""}}, {"model": "admin.logentry", "pk": 96, "fields": {"action_time": "2020-11-17T13:31:50.937Z", "user": 1, "content_type": 16, "object_id": "1", "object_repr": "Ombeyi Mkt, P.O BOX 33 - 40101, Ahero", "action_flag": 2, "change_message": "[{\"changed\": {\"fields\": [\"City/Town\"]}}]"}}, {"model": "admin.logentry", "pk": 97, "fields": {"action_time": "2020-11-19T13:12:05.585Z", "user": 1, "content_type": 3, "object_id": "12", "object_repr": "HIV Self-testing ongoing", "action_flag": 3, "change_message": ""}}, {"model": "admin.logentry", "pk": 98, "fields": {"action_time": "2020-11-24T09:34:58.756Z", "user": 1, "content_type": 9, "object_id": "8", "object_repr": "HIV Self-testing Project", "action_flag": 2, "change_message": "[{\"changed\": {\"fields\": [\"Slug\"]}}]"}}, {"model": "admin.logentry", "pk": 99, "fields": {"action_time": "2020-11-24T09:35:21.284Z", "user": 1, "content_type": 9, "object_id": "5", "object_repr": "Improvement of Educational infrastructure at Nyang Primary school", "action_flag": 2, "change_message": "[{\"changed\": {\"fields\": [\"Slug\"]}}]"}}, {"model": "admin.logentry", "pk": 100, "fields": {"action_time": "2020-11-24T09:35:36.687Z", "user": 1, "content_type": 9, "object_id": "1", "object_repr": "Community Agricultural Resource Center", "action_flag": 2, "change_message": "[{\"changed\": {\"fields\": [\"Slug\"]}}]"}}, {"model": "admin.logentry", "pk": 101, "fields": {"action_time": "2020-11-24T09:35:55.570Z", "user": 1, "content_type": 9, "object_id": "4", "object_repr": "Construction of Girls’ Dormitory at Ombeyi Secondary School", "action_flag": 2, "change_message": "[{\"changed\": {\"fields\": [\"Slug\"]}}]"}}, {"model": "admin.logentry", "pk": 102, "fields": {"action_time": "2020-11-24T09:36:27.032Z", "user": 1, "content_type": 9, "object_id": "3", "object_repr": "Enhancing digital literacy among the youth", "action_flag": 2, "change_message": "[{\"changed\": {\"fields\": [\"Slug\"]}}]"}}, {"model": "admin.logentry", "pk": 103, "fields": {"action_time": "2020-11-24T09:36:38.801Z", "user": 1, "content_type": 9, "object_id": "2", "object_repr": "Establishment of Ramula Health Center and Construction of Ramula Maternity Wing", "action_flag": 2, "change_message": "[{\"changed\": {\"fields\": [\"Slug\"]}}]"}}, {"model": "admin.logentry", "pk": 104, "fields": {"action_time": "2020-11-24T09:36:53.228Z", "user": 1, "content_type": 9, "object_id": "6", "object_repr": "Community Resource Center (Provision of Social Services)", "action_flag": 2, "change_message": "[{\"changed\": {\"fields\": [\"Slug\"]}}]"}}, {"model": "admin.logentry", "pk": 105, "fields": {"action_time": "2020-11-24T09:37:05.665Z", "user": 1, "content_type": 9, "object_id": "7", "object_repr": "Environmental Conservation", "action_flag": 2, "change_message": "[{\"changed\": {\"fields\": [\"Slug\"]}}]"}}, {"model": "admin.logentry", "pk": 106, "fields": {"action_time": "2020-11-24T10:43:38.545Z", "user": 1, "content_type": 11, "object_id": "3", "object_repr": "HIV Self-testing (HIVST) Project", "action_flag": 2, "change_message": "[{\"changed\": {\"fields\": [\"External link\", \"Slug\"]}}]"}}, {"model": "admin.logentry", "pk": 107, "fields": {"action_time": "2020-11-27T04:59:44.305Z", "user": 1, "content_type": 11, "object_id": "3", "object_repr": "HIV Self-testing (HIVST) Project", "action_flag": 2, "change_message": "[{\"changed\": {\"fields\": [\"External link\"]}}]"}}, {"model": "admin.logentry", "pk": 108, "fields": {"action_time": "2020-11-27T05:00:48.265Z", "user": 1, "content_type": 11, "object_id": "3", "object_repr": "HIV Self-testing (HIVST) Project", "action_flag": 2, "change_message": "[{\"changed\": {\"fields\": [\"External link\"]}}]"}}, {"model": "admin.logentry", "pk": 109, "fields": {"action_time": "2020-11-28T11:31:28.228Z", "user": 1, "content_type": 19, "object_id": "2", "object_repr": "Managers", "action_flag": 2, "change_message": "[{\"changed\": {\"fields\": [\"Permissions\"]}}]"}}, {"model": "admin.logentry", "pk": 110, "fields": {"action_time": "2020-12-12T14:40:47.400Z", "user": 2, "content_type": 11, "object_id": "5", "object_repr": "Education Update", "action_flag": 1, "change_message": "[{\"added\": {}}]"}}, {"model": "admin.logentry", "pk": 111, "fields": {"action_time": "2020-12-18T08:06:29.128Z", "user": 2, "content_type": 9, "object_id": "1", "object_repr": "Community Agricultural Resource Center", "action_flag": 2, "change_message": "[{\"changed\": {\"fields\": [\"Project description\"]}}]"}}, {"model": "admin.logentry", "pk": 112, "fields": {"action_time": "2020-12-18T08:10:21.783Z", "user": 2, "content_type": 9, "object_id": "1", "object_repr": "Community Agricultural Resource Center", "action_flag": 2, "change_message": "[{\"changed\": {\"fields\": [\"Project description\"]}}]"}}, {"model": "admin.logentry", "pk": 113, "fields": {"action_time": "2021-01-04T12:31:00.541Z", "user": 1, "content_type": 5, "object_id": "1", "object_repr": "Hezron Otieno Otieno", "action_flag": 3, "change_message": ""}}, {"model": "admin.logentry", "pk": 114, "fields": {"action_time": "2021-03-03T09:58:39.085Z", "user": 2, "content_type": 11, "object_id": "1", "object_repr": "2020 Annual Report", "action_flag": 3, "change_message": ""}}, {"model": "admin.logentry", "pk": 115, "fields": {"action_time": "2021-03-03T10:00:01.930Z", "user": 2, "content_type": 11, "object_id": "5", "object_repr": "Education Update", "action_flag": 2, "change_message": "[{\"changed\": {\"fields\": [\"Publication date\"]}}]"}}, {"model": "admin.logentry", "pk": 116, "fields": {"action_time": "2021-03-03T10:00:23.468Z", "user": 2, "content_type": 11, "object_id": "3", "object_repr": "HIV Self-testing (HIVST) Project", "action_flag": 2, "change_message": "[{\"changed\": {\"fields\": [\"Publication date\"]}}]"}}, {"model": "admin.logentry", "pk": 117, "fields": {"action_time": "2021-03-03T10:10:35.854Z", "user": 2, "content_type": 9, "object_id": "7", "object_repr": "Environmental Conservation", "action_flag": 2, "change_message": "[{\"changed\": {\"fields\": [\"Project description\"]}}]"}}, {"model": "admin.logentry", "pk": 118, "fields": {"action_time": "2021-03-03T10:14:52.267Z", "user": 2, "content_type": 9, "object_id": "5", "object_repr": "Improvement of Educational infrastructure at Nyang Primary school", "action_flag": 2, "change_message": "[{\"changed\": {\"fields\": [\"Project description\"]}}]"}}, {"model": "admin.logentry", "pk": 119, "fields": {"action_time": "2021-03-03T10:16:17.750Z", "user": 2, "content_type": 9, "object_id": "7", "object_repr": "Environmental Conservation", "action_flag": 2, "change_message": "[{\"changed\": {\"fields\": [\"Project description\"]}}]"}}, {"model": "admin.logentry", "pk": 120, "fields": {"action_time": "2021-03-03T10:18:25.068Z", "user": 2, "content_type": 11, "object_id": "3", "object_repr": "HIV Self-testing (HIVST) Project", "action_flag": 2, "change_message": "[]"}}, {"model": "admin.logentry", "pk": 121, "fields": {"action_time": "2021-03-04T09:45:33.795Z", "user": 1, "content_type": 3, "object_id": "13", "object_repr": "Peer educators distributing kits", "action_flag": 1, "change_message": "[{\"added\": {}}]"}}, {"model": "admin.logentry", "pk": 122, "fields": {"action_time": "2021-03-04T09:46:11.618Z", "user": 1, "content_type": 3, "object_id": "1", "object_repr": "Peer educators and counselors during induction on Self-Test HIV Testing Services(HTS) at Las Iguanas, Ombeyi", "action_flag": 2, "change_message": "[{\"changed\": {\"fields\": [\"Display on the carousel\"]}}]"}}, {"model": "admin.logentry", "pk": 123, "fields": {"action_time": "2021-03-04T10:27:28.270Z", "user": 1, "content_type": 9, "object_id": "8", "object_repr": "HIV Self-testing Project", "action_flag": 2, "change_message": "[{\"changed\": {\"fields\": [\"Media\"]}}]"}}, {"model": "admin.logentry", "pk": 124, "fields": {"action_time": "2021-03-04T10:42:09.578Z", "user": 1, "content_type": 3, "object_id": "5", "object_repr": "The new classroom block at Nyang' Primary", "action_flag": 2, "change_message": "[{\"changed\": {\"fields\": [\"Picture\"]}}]"}}, {"model": "admin.logentry", "pk": 125, "fields": {"action_time": "2021-03-04T11:00:38.409Z", "user": 1, "content_type": 3, "object_id": "14", "object_repr": "The Community Agricultural Resource Center farm", "action_flag": 1, "change_message": "[{\"added\": {}}]"}}, {"model": "admin.logentry", "pk": 126, "fields": {"action_time": "2021-03-04T11:00:48.662Z", "user": 1, "content_type": 9, "object_id": "1", "object_repr": "Community Agricultural Resource Center", "action_flag": 2, "change_message": "[{\"changed\": {\"fields\": [\"Media\"]}}]"}}, {"model": "admin.logentry", "pk": 127, "fields": {"action_time": "2021-03-04T11:03:09.220Z", "user": 1, "content_type": 3, "object_id": "4", "object_repr": "HTS counselors and peer educators posing for a group photo in front of our office.", "action_flag": 2, "change_message": "[{\"changed\": {\"fields\": [\"Display on the carousel\"]}}]"}}, {"model": "admin.logentry", "pk": 128, "fields": {"action_time": "2021-03-04T11:22:41.203Z", "user": 1, "content_type": 3, "object_id": "15", "object_repr": "A pupil at Nyang' using the water tap installed at their school", "action_flag": 1, "change_message": "[{\"added\": {}}]"}}, {"model": "admin.logentry", "pk": 129, "fields": {"action_time": "2021-03-04T11:22:55.371Z", "user": 1, "content_type": 9, "object_id": "5", "object_repr": "Improvement of Educational infrastructure at Nyang Primary school", "action_flag": 2, "change_message": "[{\"changed\": {\"fields\": [\"Media\"]}}]"}}, {"model": "admin.logentry", "pk": 130, "fields": {"action_time": "2021-03-04T11:34:56.510Z", "user": 1, "content_type": 3, "object_id": "16", "object_repr": "Pupils sitting comfortably in one of the newly constructed classroom at Nyang' primary", "action_flag": 1, "change_message": "[{\"added\": {}}]"}}, {"model": "admin.logentry", "pk": 131, "fields": {"action_time": "2021-03-04T11:35:58.943Z", "user": 1, "content_type": 3, "object_id": "3", "object_repr": "Pupils' desks being offloaded at Nyang' Primary School", "action_flag": 2, "change_message": "[{\"changed\": {\"fields\": [\"Display on the carousel\"]}}]"}}, {"model": "admin.logentry", "pk": 132, "fields": {"action_time": "2021-03-04T12:59:00.552Z", "user": 1, "content_type": 3, "object_id": "13", "object_repr": "Peer educators distributing kits", "action_flag": 2, "change_message": "[{\"changed\": {\"fields\": [\"Picture\"]}}]"}}, {"model": "admin.logentry", "pk": 133, "fields": {"action_time": "2021-03-04T13:02:06.865Z", "user": 1, "content_type": 3, "object_id": "5", "object_repr": "The new classroom block at Nyang' Primary", "action_flag": 2, "change_message": "[{\"changed\": {\"fields\": [\"Picture\"]}}]"}}, {"model": "admin.logentry", "pk": 134, "fields": {"action_time": "2021-03-04T13:03:20.977Z", "user": 1, "content_type": 3, "object_id": "15", "object_repr": "A pupil at Nyang' using the water tap installed at their school", "action_flag": 2, "change_message": "[{\"changed\": {\"fields\": [\"Picture\"]}}]"}}, {"model": "admin.logentry", "pk": 135, "fields": {"action_time": "2021-03-04T13:04:53.772Z", "user": 1, "content_type": 3, "object_id": "16", "object_repr": "Pupils sitting comfortably in one of the newly constructed classroom at Nyang' primary", "action_flag": 2, "change_message": "[{\"changed\": {\"fields\": [\"Picture\"]}}]"}}, {"model": "admin.logentry", "pk": 136, "fields": {"action_time": "2021-03-22T12:16:03.264Z", "user": 1, "content_type": 9, "object_id": "5", "object_repr": "Improvement of Educational infrastructure at Nyang Primary school", "action_flag": 2, "change_message": "[{\"changed\": {\"fields\": [\"Project description\"]}}]"}}, {"model": "admin.logentry", "pk": 137, "fields": {"action_time": "2021-03-22T12:17:03.880Z", "user": 1, "content_type": 9, "object_id": "8", "object_repr": "HIV Self-testing Project", "action_flag": 2, "change_message": "[{\"changed\": {\"fields\": [\"Project description\"]}}]"}}, {"model": "admin.logentry", "pk": 138, "fields": {"action_time": "2021-06-09T14:50:37.650Z", "user": 1, "content_type": 3, "object_id": "17", "object_repr": "Heathly and vigorous tomato plants in a green house.", "action_flag": 1, "change_message": "[{\"added\": {}}]"}}, {"model": "admin.logentry", "pk": 139, "fields": {"action_time": "2021-06-09T14:53:36.266Z", "user": 1, "content_type": 3, "object_id": "18", "object_repr": "Local farmers admiring tomato fruits in our community smart farm", "action_flag": 1, "change_message": "[{\"added\": {}}]"}}, {"model": "admin.logentry", "pk": 140, "fields": {"action_time": "2021-06-09T14:54:43.220Z", "user": 1, "content_type": 3, "object_id": "19", "object_repr": "Smart farm products", "action_flag": 1, "change_message": "[{\"added\": {}}]"}}, {"model": "admin.logentry", "pk": 141, "fields": {"action_time": "2021-06-09T14:58:17.420Z", "user": 1, "content_type": 3, "object_id": "20", "object_repr": "One of organization member inspecting crops in our smart farm greenhouse", "action_flag": 1, "change_message": "[{\"added\": {}}]"}}, {"model": "admin.logentry", "pk": 142, "fields": {"action_time": "2021-06-09T15:04:01.939Z", "user": 1, "content_type": 3, "object_id": "21", "object_repr": "Farmer from the local community admires a vigorous and healthy tomato fruit in our community green house.", "action_flag": 1, "change_message": "[{\"added\": {}}]"}}, {"model": "admin.logentry", "pk": 143, "fields": {"action_time": "2021-06-09T15:05:00.922Z", "user": 1, "content_type": 3, "object_id": "2", "object_repr": "Local youth and women involved in our community agricultural farm.", "action_flag": 2, "change_message": "[{\"changed\": {\"fields\": [\"Display on the carousel\"]}}]"}}, {"model": "admin.logentry", "pk": 144, "fields": {"action_time": "2021-06-09T15:07:47.392Z", "user": 1, "content_type": 9, "object_id": "5", "object_repr": "Improvement of Educational infrastructure at Nyang Primary school", "action_flag": 2, "change_message": "[{\"changed\": {\"fields\": [\"Ended\"]}}]"}}, {"model": "admin.logentry", "pk": 145, "fields": {"action_time": "2021-06-09T15:11:42.642Z", "user": 1, "content_type": 9, "object_id": "1", "object_repr": "Community Agricultural Resource Center", "action_flag": 2, "change_message": "[{\"changed\": {\"fields\": [\"Media\"]}}]"}}, {"model": "admin.logentry", "pk": 146, "fields": {"action_time": "2021-07-15T04:09:04.622Z", "user": 1, "content_type": 9, "object_id": "8", "object_repr": "HIV Self-testing Project", "action_flag": 2, "change_message": "[{\"changed\": {\"fields\": [\"Partners\"]}}]"}}, {"model": "admin.logentry", "pk": 147, "fields": {"action_time": "2021-07-15T04:22:50.080Z", "user": 1, "content_type": 11, "object_id": "3", "object_repr": "HIV Self-testing (HIVST) Project", "action_flag": 2, "change_message": "[{\"changed\": {\"fields\": [\"Content\"]}}]"}}, {"model": "admin.logentry", "pk": 148, "fields": {"action_time": "2021-07-15T04:24:30.310Z", "user": 1, "content_type": 20, "object_id": "1", "object_repr": "hezron-otieno", "action_flag": 2, "change_message": "[{\"changed\": {\"fields\": [\"First name\", \"Last name\", \"Email address\"]}}]"}}, {"model": "admin.logentry", "pk": 149, "fields": {"action_time": "2021-07-15T04:25:28.747Z", "user": 1, "content_type": 20, "object_id": "2", "object_repr": "enocka-odongo", "action_flag": 2, "change_message": "[{\"changed\": {\"fields\": [\"First name\", \"Last name\", \"Email address\"]}}]"}}, {"model": "admin.logentry", "pk": 150, "fields": {"action_time": "2021-07-15T04:27:26.097Z", "user": 1, "content_type": 9, "object_id": "5", "object_repr": "Improvement of Educational infrastructure at Nyang Primary school", "action_flag": 2, "change_message": "[{\"changed\": {\"fields\": [\"Project description\"]}}]"}}, {"model": "admin.logentry", "pk": 151, "fields": {"action_time": "2021-07-15T04:35:51.271Z", "user": 1, "content_type": 9, "object_id": "3", "object_repr": "Enhancing digital literacy among the youth", "action_flag": 2, "change_message": "[{\"changed\": {\"fields\": [\"Project description\"]}}]"}}, {"model": "admin.logentry", "pk": 152, "fields": {"action_time": "2021-07-15T04:38:17.542Z", "user": 1, "content_type": 9, "object_id": "6", "object_repr": "Community Resource Center (Provision of Social Services)", "action_flag": 2, "change_message": "[{\"changed\": {\"fields\": [\"Project description\"]}}]"}}, {"model": "admin.logentry", "pk": 153, "fields": {"action_time": "2021-08-26T07:34:38.310Z", "user": 1, "content_type": 4, "object_id": "1", "object_repr": "Erick Dudi", "action_flag": 1, "change_message": "[{\"added\": {}}]"}}, {"model": "admin.logentry", "pk": 154, "fields": {"action_time": "2021-08-26T07:37:20.751Z", "user": 1, "content_type": 4, "object_id": "2", "object_repr": "Enocka Odongo", "action_flag": 1, "change_message": "[{\"added\": {}}]"}}, {"model": "admin.logentry", "pk": 155, "fields": {"action_time": "2021-08-26T07:41:43.492Z", "user": 1, "content_type": 4, "object_id": "3", "object_repr": "Doreen Onyuro", "action_flag": 1, "change_message": "[{\"added\": {}}]"}}, {"model": "admin.logentry", "pk": 156, "fields": {"action_time": "2021-08-26T07:44:31.929Z", "user": 1, "content_type": 4, "object_id": "4", "object_repr": "Ezekiel Omwoso", "action_flag": 1, "change_message": "[{\"added\": {}}]"}}, {"model": "admin.logentry", "pk": 157, "fields": {"action_time": "2021-08-26T07:46:10.484Z", "user": 1, "content_type": 4, "object_id": "4", "object_repr": "Ezekiel Omwoso", "action_flag": 2, "change_message": "[{\"changed\": {\"fields\": [\"Date of birth\"]}}]"}}, {"model": "admin.logentry", "pk": 158, "fields": {"action_time": "2021-08-26T07:48:34.825Z", "user": 1, "content_type": 4, "object_id": "1", "object_repr": "Erick Dudi", "action_flag": 2, "change_message": "[{\"changed\": {\"fields\": [\"Date of birth\"]}}]"}}, {"model": "admin.logentry", "pk": 159, "fields": {"action_time": "2021-09-15T15:15:24.353Z", "user": 1, "content_type": 5, "object_id": "2", "object_repr": "Hezron", "action_flag": 3, "change_message": ""}}, {"model": "auth.permission", "pk": 1, "fields": {"name": "Can add career", "content_type": 1, "codename": "add_career"}}, {"model": "auth.permission", "pk": 2, "fields": {"name": "Can change career", "content_type": 1, "codename": "change_career"}}, {"model": "auth.permission", "pk": 3, "fields": {"name": "Can delete career", "content_type": 1, "codename": "delete_career"}}, {"model": "auth.permission", "pk": 4, "fields": {"name": "Can view career", "content_type": 1, "codename": "view_career"}}, {"model": "auth.permission", "pk": 5, "fields": {"name": "Can add donation", "content_type": 2, "codename": "add_donation"}}, {"model": "auth.permission", "pk": 6, "fields": {"name": "Can change donation", "content_type": 2, "codename": "change_donation"}}, {"model": "auth.permission", "pk": 7, "fields": {"name": "Can delete donation", "content_type": 2, "codename": "delete_donation"}}, {"model": "auth.permission", "pk": 8, "fields": {"name": "Can view donation", "content_type": 2, "codename": "view_donation"}}, {"model": "auth.permission", "pk": 9, "fields": {"name": "Can add media", "content_type": 3, "codename": "add_media"}}, {"model": "auth.permission", "pk": 10, "fields": {"name": "Can change media", "content_type": 3, "codename": "change_media"}}, {"model": "auth.permission", "pk": 11, "fields": {"name": "Can delete media", "content_type": 3, "codename": "delete_media"}}, {"model": "auth.permission", "pk": 12, "fields": {"name": "Can view media", "content_type": 3, "codename": "view_media"}}, {"model": "auth.permission", "pk": 13, "fields": {"name": "Can add member", "content_type": 4, "codename": "add_member"}}, {"model": "auth.permission", "pk": 14, "fields": {"name": "Can change member", "content_type": 4, "codename": "change_member"}}, {"model": "auth.permission", "pk": 15, "fields": {"name": "Can delete member", "content_type": 4, "codename": "delete_member"}}, {"model": "auth.permission", "pk": 16, "fields": {"name": "Can view member", "content_type": 4, "codename": "view_member"}}, {"model": "auth.permission", "pk": 17, "fields": {"name": "Can add message", "content_type": 5, "codename": "add_message"}}, {"model": "auth.permission", "pk": 18, "fields": {"name": "Can change message", "content_type": 5, "codename": "change_message"}}, {"model": "auth.permission", "pk": 19, "fields": {"name": "Can delete message", "content_type": 5, "codename": "delete_message"}}, {"model": "auth.permission", "pk": 20, "fields": {"name": "Can view message", "content_type": 5, "codename": "view_message"}}, {"model": "auth.permission", "pk": 21, "fields": {"name": "Can add partner", "content_type": 6, "codename": "add_partner"}}, {"model": "auth.permission", "pk": 22, "fields": {"name": "Can change partner", "content_type": 6, "codename": "change_partner"}}, {"model": "auth.permission", "pk": 23, "fields": {"name": "Can delete partner", "content_type": 6, "codename": "delete_partner"}}, {"model": "auth.permission", "pk": 24, "fields": {"name": "Can view partner", "content_type": 6, "codename": "view_partner"}}, {"model": "auth.permission", "pk": 25, "fields": {"name": "Can add Arise and Shine Profile", "content_type": 7, "codename": "add_profile"}}, {"model": "auth.permission", "pk": 26, "fields": {"name": "Can change Arise and Shine Profile", "content_type": 7, "codename": "change_profile"}}, {"model": "auth.permission", "pk": 27, "fields": {"name": "Can delete Arise and Shine Profile", "content_type": 7, "codename": "delete_profile"}}, {"model": "auth.permission", "pk": 28, "fields": {"name": "Can view Arise and Shine Profile", "content_type": 7, "codename": "view_profile"}}, {"model": "auth.permission", "pk": 29, "fields": {"name": "Can add Core value", "content_type": 8, "codename": "add_value"}}, {"model": "auth.permission", "pk": 30, "fields": {"name": "Can change Core value", "content_type": 8, "codename": "change_value"}}, {"model": "auth.permission", "pk": 31, "fields": {"name": "Can delete Core value", "content_type": 8, "codename": "delete_value"}}, {"model": "auth.permission", "pk": 32, "fields": {"name": "Can view Core value", "content_type": 8, "codename": "view_value"}}, {"model": "auth.permission", "pk": 33, "fields": {"name": "Can add project", "content_type": 9, "codename": "add_project"}}, {"model": "auth.permission", "pk": 34, "fields": {"name": "Can change project", "content_type": 9, "codename": "change_project"}}, {"model": "auth.permission", "pk": 35, "fields": {"name": "Can delete project", "content_type": 9, "codename": "delete_project"}}, {"model": "auth.permission", "pk": 36, "fields": {"name": "Can view project", "content_type": 9, "codename": "view_project"}}, {"model": "auth.permission", "pk": 37, "fields": {"name": "Can add objective", "content_type": 10, "codename": "add_objective"}}, {"model": "auth.permission", "pk": 38, "fields": {"name": "Can change objective", "content_type": 10, "codename": "change_objective"}}, {"model": "auth.permission", "pk": 39, "fields": {"name": "Can delete objective", "content_type": 10, "codename": "delete_objective"}}, {"model": "auth.permission", "pk": 40, "fields": {"name": "Can view objective", "content_type": 10, "codename": "view_objective"}}, {"model": "auth.permission", "pk": 41, "fields": {"name": "Can add News and Event", "content_type": 11, "codename": "add_newsevent"}}, {"model": "auth.permission", "pk": 42, "fields": {"name": "Can change News and Event", "content_type": 11, "codename": "change_newsevent"}}, {"model": "auth.permission", "pk": 43, "fields": {"name": "Can delete News and Event", "content_type": 11, "codename": "delete_newsevent"}}, {"model": "auth.permission", "pk": 44, "fields": {"name": "Can view News and Event", "content_type": 11, "codename": "view_newsevent"}}, {"model": "auth.permission", "pk": 45, "fields": {"name": "Can add job_ requirement", "content_type": 12, "codename": "add_job_requirement"}}, {"model": "auth.permission", "pk": 46, "fields": {"name": "Can change job_ requirement", "content_type": 12, "codename": "change_job_requirement"}}, {"model": "auth.permission", "pk": 47, "fields": {"name": "Can delete job_ requirement", "content_type": 12, "codename": "delete_job_requirement"}}, {"model": "auth.permission", "pk": 48, "fields": {"name": "Can view job_ requirement", "content_type": 12, "codename": "view_job_requirement"}}, {"model": "auth.permission", "pk": 49, "fields": {"name": "Can add job_ description", "content_type": 13, "codename": "add_job_description"}}, {"model": "auth.permission", "pk": 50, "fields": {"name": "Can change job_ description", "content_type": 13, "codename": "change_job_description"}}, {"model": "auth.permission", "pk": 51, "fields": {"name": "Can delete job_ description", "content_type": 13, "codename": "delete_job_description"}}, {"model": "auth.permission", "pk": 52, "fields": {"name": "Can view job_ description", "content_type": 13, "codename": "view_job_description"}}, {"model": "auth.permission", "pk": 53, "fields": {"name": "Can add impact", "content_type": 14, "codename": "add_impact"}}, {"model": "auth.permission", "pk": 54, "fields": {"name": "Can change impact", "content_type": 14, "codename": "change_impact"}}, {"model": "auth.permission", "pk": 55, "fields": {"name": "Can delete impact", "content_type": 14, "codename": "delete_impact"}}, {"model": "auth.permission", "pk": 56, "fields": {"name": "Can view impact", "content_type": 14, "codename": "view_impact"}}, {"model": "auth.permission", "pk": 57, "fields": {"name": "Can add contact", "content_type": 15, "codename": "add_contact"}}, {"model": "auth.permission", "pk": 58, "fields": {"name": "Can change contact", "content_type": 15, "codename": "change_contact"}}, {"model": "auth.permission", "pk": 59, "fields": {"name": "Can delete contact", "content_type": 15, "codename": "delete_contact"}}, {"model": "auth.permission", "pk": 60, "fields": {"name": "Can view contact", "content_type": 15, "codename": "view_contact"}}, {"model": "auth.permission", "pk": 61, "fields": {"name": "Can add address", "content_type": 16, "codename": "add_address"}}, {"model": "auth.permission", "pk": 62, "fields": {"name": "Can change address", "content_type": 16, "codename": "change_address"}}, {"model": "auth.permission", "pk": 63, "fields": {"name": "Can delete address", "content_type": 16, "codename": "delete_address"}}, {"model": "auth.permission", "pk": 64, "fields": {"name": "Can view address", "content_type": 16, "codename": "view_address"}}, {"model": "auth.permission", "pk": 65, "fields": {"name": "Can add log entry", "content_type": 17, "codename": "add_logentry"}}, {"model": "auth.permission", "pk": 66, "fields": {"name": "Can change log entry", "content_type": 17, "codename": "change_logentry"}}, {"model": "auth.permission", "pk": 67, "fields": {"name": "Can delete log entry", "content_type": 17, "codename": "delete_logentry"}}, {"model": "auth.permission", "pk": 68, "fields": {"name": "Can view log entry", "content_type": 17, "codename": "view_logentry"}}, {"model": "auth.permission", "pk": 69, "fields": {"name": "Can add permission", "content_type": 18, "codename": "add_permission"}}, {"model": "auth.permission", "pk": 70, "fields": {"name": "Can change permission", "content_type": 18, "codename": "change_permission"}}, {"model": "auth.permission", "pk": 71, "fields": {"name": "Can delete permission", "content_type": 18, "codename": "delete_permission"}}, {"model": "auth.permission", "pk": 72, "fields": {"name": "Can view permission", "content_type": 18, "codename": "view_permission"}}, {"model": "auth.permission", "pk": 73, "fields": {"name": "Can add group", "content_type": 19, "codename": "add_group"}}, {"model": "auth.permission", "pk": 74, "fields": {"name": "Can change group", "content_type": 19, "codename": "change_group"}}, {"model": "auth.permission", "pk": 75, "fields": {"name": "Can delete group", "content_type": 19, "codename": "delete_group"}}, {"model": "auth.permission", "pk": 76, "fields": {"name": "Can view group", "content_type": 19, "codename": "view_group"}}, {"model": "auth.permission", "pk": 77, "fields": {"name": "Can add user", "content_type": 20, "codename": "add_user"}}, {"model": "auth.permission", "pk": 78, "fields": {"name": "Can change user", "content_type": 20, "codename": "change_user"}}, {"model": "auth.permission", "pk": 79, "fields": {"name": "Can delete user", "content_type": 20, "codename": "delete_user"}}, {"model": "auth.permission", "pk": 80, "fields": {"name": "Can view user", "content_type": 20, "codename": "view_user"}}, {"model": "auth.permission", "pk": 81, "fields": {"name": "Can add content type", "content_type": 21, "codename": "add_contenttype"}}, {"model": "auth.permission", "pk": 82, "fields": {"name": "Can change content type", "content_type": 21, "codename": "change_contenttype"}}, {"model": "auth.permission", "pk": 83, "fields": {"name": "Can delete content type", "content_type": 21, "codename": "delete_contenttype"}}, {"model": "auth.permission", "pk": 84, "fields": {"name": "Can view content type", "content_type": 21, "codename": "view_contenttype"}}, {"model": "auth.permission", "pk": 85, "fields": {"name": "Can add session", "content_type": 22, "codename": "add_session"}}, {"model": "auth.permission", "pk": 86, "fields": {"name": "Can change session", "content_type": 22, "codename": "change_session"}}, {"model": "auth.permission", "pk": 87, "fields": {"name": "Can delete session", "content_type": 22, "codename": "delete_session"}}, {"model": "auth.permission", "pk": 88, "fields": {"name": "Can view session", "content_type": 22, "codename": "view_session"}}, {"model": "auth.group", "pk": 2, "fields": {"name": "Managers", "permissions": [62, 64, 1, 2, 3, 4, 58, 60, 5, 6, 7, 8, 53, 54, 55, 56, 49, 50, 51, 52, 45, 46, 47, 48, 12, 13, 14, 15, 16, 19, 20, 41, 42, 43, 44, 37, 38, 39, 40, 21, 22, 23, 24, 26, 28, 33, 34, 35, 36, 29, 30, 31, 32]}}, {"model": "auth.user", "pk": 1, "fields": {"password": "pbkdf2_sha256$216000$i41TDE3Smkp1$t91RZeIj4UxsNiGWLKrclSGjBuqPWpOpRJfB/6hfYOk=", "last_login": "2021-09-15T15:14:50.118Z", "is_superuser": true, "username": "hezron-otieno", "first_name": "HEZRON", "last_name": "OTIENO", "email": "hezronotieno@ariseandshinecc.org", "is_staff": true, "is_active": true, "date_joined": "2020-10-24T03:03:38Z", "groups": [], "user_permissions": []}}, {"model": "auth.user", "pk": 2, "fields": {"password": "pbkdf2_sha256$216000$tnx51FIZNakD$nbgdMoJsKB3poa1IlRhhMugQ+MDnEcasyHVghoaJOCM=", "last_login": "2021-03-03T09:57:50Z", "is_superuser": false, "username": "enocka-odongo", "first_name": "ENOCKA", "last_name": "ODONGO", "email": "enockaodongo@ariseandshinecc.org", "is_staff": true, "is_active": true, "date_joined": "2020-10-26T11:26:35Z", "groups": [2], "user_permissions": []}}, {"model": "contenttypes.contenttype", "pk": 1, "fields": {"app_label": "mainsite", "model": "career"}}, {"model": "contenttypes.contenttype", "pk": 2, "fields": {"app_label": "mainsite", "model": "donation"}}, {"model": "contenttypes.contenttype", "pk": 3, "fields": {"app_label": "mainsite", "model": "media"}}, {"model": "contenttypes.contenttype", "pk": 4, "fields": {"app_label": "mainsite", "model": "member"}}, {"model": "contenttypes.contenttype", "pk": 5, "fields": {"app_label": "mainsite", "model": "message"}}, {"model": "contenttypes.contenttype", "pk": 6, "fields": {"app_label": "mainsite", "model": "partner"}}, {"model": "contenttypes.contenttype", "pk": 7, "fields": {"app_label": "mainsite", "model": "profile"}}, {"model": "contenttypes.contenttype", "pk": 8, "fields": {"app_label": "mainsite", "model": "value"}}, {"model": "contenttypes.contenttype", "pk": 9, "fields": {"app_label": "mainsite", "model": "project"}}, {"model": "contenttypes.contenttype", "pk": 10, "fields": {"app_label": "mainsite", "model": "objective"}}, {"model": "contenttypes.contenttype", "pk": 11, "fields": {"app_label": "mainsite", "model": "newsevent"}}, {"model": "contenttypes.contenttype", "pk": 12, "fields": {"app_label": "mainsite", "model": "job_requirement"}}, {"model": "contenttypes.contenttype", "pk": 13, "fields": {"app_label": "mainsite", "model": "job_description"}}, {"model": "contenttypes.contenttype", "pk": 14, "fields": {"app_label": "mainsite", "model": "impact"}}, {"model": "contenttypes.contenttype", "pk": 15, "fields": {"app_label": "mainsite", "model": "contact"}}, {"model": "contenttypes.contenttype", "pk": 16, "fields": {"app_label": "mainsite", "model": "address"}}, {"model": "contenttypes.contenttype", "pk": 17, "fields": {"app_label": "admin", "model": "logentry"}}, {"model": "contenttypes.contenttype", "pk": 18, "fields": {"app_label": "auth", "model": "permission"}}, {"model": "contenttypes.contenttype", "pk": 19, "fields": {"app_label": "auth", "model": "group"}}, {"model": "contenttypes.contenttype", "pk": 20, "fields": {"app_label": "auth", "model": "user"}}, {"model": "contenttypes.contenttype", "pk": 21, "fields": {"app_label": "contenttypes", "model": "contenttype"}}, {"model": "contenttypes.contenttype", "pk": 22, "fields": {"app_label": "sessions", "model": "session"}}, {"model": "sessions.session", "pk": "1i0wwwdalg9jwvav0oh5qhflx01xob3v", "fields": {"session_data": ".eJxVjEEOwiAQRe_C2hCYAgWX7j0DmYFBqoYmpV0Z765NutDtf-_9l4i4rTVunZc4ZXEWWpx-N8L04LaDfMd2m2Wa27pMJHdFHrTL65z5eTncv4OKvX5r57GkIRQINmubFAIM5BRo4uLI2gKUYLROZWOo0KgSOmZjffEqgGfx_gDmvjf_:1mQWcc:6WCDach_AB8hHveeR0hg_jEDy7G4bj7EgUAv7VP817g", "expire_date": "2021-09-29T15:14:50.122Z"}}, {"model": "sessions.session", "pk": "2ga8qtmnobarlfa2r5a6hoe6afir2hdt", "fields": {"session_data": ".eJxVjDkOwjAURO_iGll44cdQ0nMGy38JDiBbipMKcXccKQVUI715M28V07rkuDaZ48Tqoqw6_DJM9JSyFfxI5V411bLME-pN0Xvb9K2yvK67-3eQU8t9LUzIeGIfSDw47yyP2CMIEgCeDaKjIEPHDOI6NQjHIUAyPAaL6vMFH6o5UQ:1kX3Uc:CTDxuq5oYCEeEjdrQdqVOt643r7rxiN7VnYMIXIeDRU", "expire_date": "2020-11-09T14:29:02.185Z"}}, {"model": "sessions.session", "pk": "2umrds7we18s5o1k3fllaeg9mf4zv00t", "fields": {"session_data": ".eJxVjDkOwjAUBe_iGllegU9JnzNY_otxADlSnFSIu0OkFNC-mXkvlfK61LR2mdPI6qKcOvxumOkhbQN8z-02aZraMo-oN0XvtOthYnled_fvoOZev3VkF_xRXDYeGaAgWGF_omjABctnMIYj2UxSPIAtBSIiOSxeYiAO6v0B5Ms4ZA:1lHOGM:vv8ej50ZpCU5TtD9mS8km7Mr5qYYBWGCoKNysxE7Rbk", "expire_date": "2021-03-17T09:57:50.639Z"}}, {"model": "sessions.session", "pk": "4akt2efcwrfxx1gos2eawvtovs35yx7h", "fields": {"session_data": ".eJxVjMEKwyAQRP_Fc5Gshqg99t5vCLvrWtMWhZicQv-9CeTQngbmvZlNjbgueVybzOMU1VWBuvx2hPyScoD4xPKommtZ5on0oeiTNn2vUd630_07yNjyvhay6INPMFhjDCDFDpCT9B4tB4LoOAQZkCN0xvQ0AEkX2Ls92NmkPl_2Zzh_:1kd3c7:_qxCzcTHqbKQ3Hxr3maFQufL2h7Re6llGwfEq_qhDyw", "expire_date": "2020-11-26T03:49:35.607Z"}}, {"model": "sessions.session", "pk": "4ps1vrnige1osid9qxh9k4ftz4kqrc0k", "fields": {"session_data": ".eJxVjDkOwjAUBe_iGllegU9JnzNY_otxADlSnFSIu0OkFNC-mXkvlfK61LR2mdPI6qKcOvxumOkhbQN8z-02aZraMo-oN0XvtOthYnled_fvoOZev3VkF_xRXDYeGaAgWGF_omjABctnMIYj2UxSPIAtBSIiOSxeYiAO6v0B5Ms4ZA:1kdUle:Iy_AMw27dUuOc8wJRv7CjJnHJ0fZMbxIpOCdMtiKBzE", "expire_date": "2020-11-27T08:49:14.653Z"}}, {"model": "sessions.session", "pk": "5fyj73vdk9jblsjmailww4342xzneu5f", "fields": {"session_data": ".eJxVjDkOwjAUBe_iGllegU9JnzNY_otxADlSnFSIu0OkFNC-mXkvlfK61LR2mdPI6qKcOvxumOkhbQN8z-02aZraMo-oN0XvtOthYnled_fvoOZev3VkF_xRXDYeGaAgWGF_omjABctnMIYj2UxSPIAtBSIiOSxeYiAO6v0B5Ms4ZA:1kqAkb:skNdrnd5Ri67Ga3qnQ5XRThEMdEzlWKXcjuMgac4x40", "expire_date": "2021-01-01T08:04:33.637Z"}}, {"model": "sessions.session", "pk": "7b89lq6tb1nke3cewyx710iqb0xrc5iz", "fields": {"session_data": ".eJxVjDsOwjAQBe_iGllx4vWHkp4zRLveNQ4gW8qnQtwdIqWA9s3Me6kRt7WM2yLzOLE6K6NOvxthekjdAd-x3ppOra7zRHpX9EEXfW0sz8vh_h0UXMq3BuvYgvSYs8fQUewoEDrCyByzoB9sAMpghi75FIGdt70Fhig-9kbU-wP6gjga:1kWFV5:njmaNsH5MKEymrJPdHslBGlc6X8z-s-5xFI-0ATJ0fI", "expire_date": "2020-11-07T09:06:11.763Z"}}, {"model": "sessions.session", "pk": "8bgnyz5o79cww6tuhyt0xvan8db2fucr", "fields": {"session_data": ".eJxVjEEOwiAQRe_C2hCYAgWX7j0DmYFBqoYmpV0Z765NutDtf-_9l4i4rTVunZc4ZXEWWpx-N8L04LaDfMd2m2Wa27pMJHdFHrTL65z5eTncv4OKvX5r57GkIRQINmubFAIM5BRo4uLI2gKUYLROZWOo0KgSOmZjffEqgGfx_gDmvjf_:1lOJLP:Y0XwvcKJIpjVcBvqf-z-r_r3jrN-A-DeOGKIlZwtbL0", "expire_date": "2021-04-05T12:07:39.288Z"}}, {"model": "sessions.session", "pk": "8o8lzkq6tzemzwfxg6nbqq045bz9e8ni", "fields": {"session_data": ".eJxVjMEKwyAQRP_Fc5Gshqg99t5vCLvrWtMWhZicQv-9CeTQngbmvZlNjbgueVybzOMU1VWBuvx2hPyScoD4xPKommtZ5on0oeiTNn2vUd630_07yNjyvhay6INPMFhjDCDFDpCT9B4tB4LoOAQZkCN0xvQ0AEkX2Ls92NmkPl_2Zzh_:1keasW:VwYXYrLmsvvO3N4nfSHmh1YHxJuqbsKLY0APFcgNOZQ", "expire_date": "2020-11-30T09:32:52.521Z"}}, {"model": "sessions.session", "pk": "8qirjd9sc2bgbhdybfpc5vz8gy1h507k", "fields": {"session_data": ".eJxVjMEKwyAQRP_Fc5Gshqg99t5vCLvrWtMWhZicQv-9CeTQngbmvZlNjbgueVybzOMU1VWBuvx2hPyScoD4xPKommtZ5on0oeiTNn2vUd630_07yNjyvhay6INPMFhjDCDFDpCT9B4tB4LoOAQZkCN0xvQ0AEkX2Ls92NmkPl_2Zzh_:1kWdaE:QoBWqooO3M8l87FS_sOEvTBq-BCeqLXxefs8LQgBF38", "expire_date": "2020-11-08T10:49:06.758Z"}}, {"model": "sessions.session", "pk": "9ictegls4uvkcgds8l6gpbnppmptiq07", "fields": {"session_data": ".eJxVjEEOwiAQRe_C2hCYAgWX7j0DmYFBqoYmpV0Z765NutDtf-_9l4i4rTVunZc4ZXEWWpx-N8L04LaDfMd2m2Wa27pMJHdFHrTL65z5eTncv4OKvX5r57GkIRQINmubFAIM5BRo4uLI2gKUYLROZWOo0KgSOmZjffEqgGfx_gDmvjf_:1lqyix:K2fk4x_nGQ1eDVYWouQ-Z2J2WnNz8qOhxHETRxUL6Eg", "expire_date": "2021-06-23T13:58:27.894Z"}}, {"model": "sessions.session", "pk": "d259ln0jhssebdfkxsjlpu0pzbv3tl8r", "fields": {"session_data": ".eJxVjMEKwyAQRP_Fc5Gshqg99t5vCLvrWtMWhZicQv-9CeTQngbmvZlNjbgueVybzOMU1VWBuvx2hPyScoD4xPKommtZ5on0oeiTNn2vUd630_07yNjyvhay6INPMFhjDCDFDpCT9B4tB4LoOAQZkCN0xvQ0AEkX2Ls92NmkPl_2Zzh_:1kwSpg:CCxAI6oeX_EeRsh00ii2phEVRFFZkO3gMuyGH_bB-oE", "expire_date": "2021-01-18T16:35:48.131Z"}}, {"model": "sessions.session", "pk": "gtl290dde7pn63mwedqd4bde1yr4ukv4", "fields": {"session_data": ".eJxVjEEOwiAQRe_C2hCYAgWX7j0DmYFBqoYmpV0Z765NutDtf-_9l4i4rTVunZc4ZXEWWpx-N8L04LaDfMd2m2Wa27pMJHdFHrTL65z5eTncv4OKvX5r57GkIRQINmubFAIM5BRo4uLI2gKUYLROZWOo0KgSOmZjffEqgGfx_gDmvjf_:1mJ9qx:-OYu3glwBWihIZ_MGbzZPnpBIlv_IprDMlrruoQ0yf0", "expire_date": "2021-09-09T07:31:11.627Z"}}, {"model": "sessions.session", "pk": "hlp32i6lyip7qhox9bafsxch93ed0a4m", "fields": {"session_data": ".eJxVjEEOwiAQRe_C2hCYAgWX7j0DmYFBqoYmpV0Z765NutDtf-_9l4i4rTVunZc4ZXEWWpx-N8L04LaDfMd2m2Wa27pMJHdFHrTL65z5eTncv4OKvX5r57GkIRQINmubFAIM5BRo4uLI2gKUYLROZWOo0KgSOmZjffEqgGfx_gDmvjf_:1mBE10:8D7YL7vflaY1flXmBy0z6XBHhFwWEWmoRmndnaDhkvk", "expire_date": "2021-08-18T10:20:46.489Z"}}, {"model": "sessions.session", "pk": "iob0s7dxr4ndi0d220yevefndbsysk1v", "fields": {"session_data": ".eJxVjEEOwiAQRe_C2hCYAgWX7j0DmYFBqoYmpV0Z765NutDtf-_9l4i4rTVunZc4ZXEWWpx-N8L04LaDfMd2m2Wa27pMJHdFHrTL65z5eTncv4OKvX5r57GkIRQINmubFAIM5BRo4uLI2gKUYLROZWOo0KgSOmZjffEqgGfx_gDmvjf_:1lHkKd:p_VF4XvXAJ0UVT-8bZ6LMavF74GdRDqm8-_09E70lI0", "expire_date": "2021-03-18T09:31:43.525Z"}}, {"model": "sessions.session", "pk": "jlphmnph1pncl498rgbbq1wdd4t7wz4b", "fields": {"session_data": ".eJxVjMEKwyAQRP_Fc5Gshqg99t5vCLvrWtMWhZicQv-9CeTQngbmvZlNjbgueVybzOMU1VWBuvx2hPyScoD4xPKommtZ5on0oeiTNn2vUd630_07yNjyvhay6INPMFhjDCDFDpCT9B4tB4LoOAQZkCN0xvQ0AEkX2Ls92NmkPl_2Zzh_:1kZbve:Q-5DyBUFquSa3iWhmX35JEmQ10QuepioYqL5oyDZlEw", "expire_date": "2020-11-16T15:39:30.001Z"}}, {"model": "sessions.session", "pk": "lev09wsi0ogxrox0ua7djeou0letov2b", "fields": {"session_data": ".eJxVjDkOwjAUBe_iGllegU9JnzNY_otxADlSnFSIu0OkFNC-mXkvlfK61LR2mdPI6qKcOvxumOkhbQN8z-02aZraMo-oN0XvtOthYnled_fvoOZev3VkF_xRXDYeGaAgWGF_omjABctnMIYj2UxSPIAtBSIiOSxeYiAO6v0B5Ms4ZA:1kwRPJ:0xwRRnxETws1yxOXChz3ZnZUAE2FdSgn1IkgARf0t0k", "expire_date": "2021-01-18T15:04:29.414Z"}}, {"model": "sessions.session", "pk": "lj5uhf11qjdczax8jihxrwmn3syksqvc", "fields": {"session_data": ".eJxVjEEOwiAQRe_C2hCYAgWX7j0DmYFBqoYmpV0Z765NutDtf-_9l4i4rTVunZc4ZXEWWpx-N8L04LaDfMd2m2Wa27pMJHdFHrTL65z5eTncv4OKvX5r57GkIRQINmubFAIM5BRo4uLI2gKUYLROZWOo0KgSOmZjffEqgGfx_gDmvjf_:1lvczp:DtRjQ71FF56SJWKniydeWL5xBmRpgFRhUluKfhraeFc", "expire_date": "2021-07-06T09:47:05.437Z"}}, {"model": "sessions.session", "pk": "lwvy072hfek1vr2wrd1cxqhfsyq934pd", "fields": {"session_data": ".eJxVjMEKwyAQRP_Fc5Gshqg99t5vCLvrWtMWhZicQv-9CeTQngbmvZlNjbgueVybzOMU1VWBuvx2hPyScoD4xPKommtZ5on0oeiTNn2vUd630_07yNjyvhay6INPMFhjDCDFDpCT9B4tB4LoOAQZkCN0xvQ0AEkX2Ls92NmkPl_2Zzh_:1kX0cy:r1HlfxHVJ3QmXk2sQOdsTn75iKswWyAOW2ufnEFe6r4", "expire_date": "2020-11-09T11:25:28.777Z"}}, {"model": "sessions.session", "pk": "mamoiwnxijg6jwpze8j89at69ryhv4to", "fields": {"session_data": ".eJxVjMEKwyAQRP_Fc5Gshqg99t5vCLvrWtMWhZicQv-9CeTQngbmvZlNjbgueVybzOMU1VWBuvx2hPyScoD4xPKommtZ5on0oeiTNn2vUd630_07yNjyvhay6INPMFhjDCDFDpCT9B4tB4LoOAQZkCN0xvQ0AEkX2Ls92NmkPl_2Zzh_:1kWXz0:nIgaZUTKiXgmfboNZlXTc2UE10sqEsgZXd43Drzq3nQ", "expire_date": "2020-11-08T04:50:18.221Z"}}, {"model": "sessions.session", "pk": "mtxmiugwe0zgrjxf00fe9plpl3fqsoto", "fields": {"session_data": ".eJxVjMEKwyAQRP_Fc5Gshqg99t5vCLvrWtMWhZicQv-9CeTQngbmvZlNjbgueVybzOMU1VWBuvx2hPyScoD4xPKommtZ5on0oeiTNn2vUd630_07yNjyvhay6INPMFhjDCDFDpCT9B4tB4LoOAQZkCN0xvQ0AEkX2Ls92NmkPl_2Zzh_:1kY6Iz:i13xRNtyHdiLyshWOLixFhjMMjyQAY92JH4IFpLQHAA", "expire_date": "2020-11-12T11:41:21.209Z"}}, {"model": "sessions.session", "pk": "n3bvhhqtyrbw5ajbqbdszjd6h2fexs1m", "fields": {"session_data": ".eJxVjMEKwyAQRP_Fc5Gshqg99t5vCLvrWtMWhZicQv-9CeTQngbmvZlNjbgueVybzOMU1VWBuvx2hPyScoD4xPKommtZ5on0oeiTNn2vUd630_07yNjyvhay6INPMFhjDCDFDpCT9B4tB4LoOAQZkCN0xvQ0AEkX2Ls92NmkPl_2Zzh_:1kXP2J:3XDi7rC74pax5PbyLAlUFxZrjhHbNwcVXV_gZu7H16I", "expire_date": "2020-11-10T13:29:15.996Z"}}, {"model": "sessions.session", "pk": "nb4t0xenq88ty2es6bj9d40omos53dw7", "fields": {"session_data": ".eJxVjMEKwyAQRP_Fc5Gshqg99t5vCLvrWtMWhZicQv-9CeTQngbmvZlNjbgueVybzOMU1VWBuvx2hPyScoD4xPKommtZ5on0oeiTNn2vUd630_07yNjyvhay6INPMFhjDCDFDpCT9B4tB4LoOAQZkCN0xvQ0AEkX2Ls92NmkPl_2Zzh_:1kiVSb:Z6tlJdafVzsKSfEkohd_C0-8_tIjGzrqERf-6R4YiBU", "expire_date": "2020-12-11T04:34:17.663Z"}}, {"model": "sessions.session", "pk": "o7e9u6y79gydzogkfuokmijh9i6n6w2b", "fields": {"session_data": ".eJxVjEEOwiAQRe_C2hCYAgWX7j0DmYFBqoYmpV0Z765NutDtf-_9l4i4rTVunZc4ZXEWWpx-N8L04LaDfMd2m2Wa27pMJHdFHrTL65z5eTncv4OKvX5r57GkIRQINmubFAIM5BRo4uLI2gKUYLROZWOo0KgSOmZjffEqgGfx_gDmvjf_:1ldVvX:1N4ZaJh4WsIF7u_4DYgym38cO5p9az8BA4s6oklkP3A", "expire_date": "2021-05-17T10:35:47.035Z"}}, {"model": "sessions.session", "pk": "qh7lnlap6ju7qafbdbydy2cg33l0btr7", "fields": {"session_data": ".eJxVjMEKwyAQRP_Fc5Gshqg99t5vCLvrWtMWhZicQv-9CeTQngbmvZlNjbgueVybzOMU1VWBuvx2hPyScoD4xPKommtZ5on0oeiTNn2vUd630_07yNjyvhay6INPMFhjDCDFDpCT9B4tB4LoOAQZkCN0xvQ0AEkX2Ls92NmkPl_2Zzh_:1kWXvv:d45YTzEbgMMX2N0ZimPopwaYNvk_WbJo-j4-VhpzrJs", "expire_date": "2020-11-08T04:47:07.919Z"}}, {"model": "sessions.session", "pk": "vys4vyhbp18edl7z0vikspnkirxahobv", "fields": {"session_data": ".eJxVjMEKwyAQRP_Fc5Gshqg99t5vCLvrWtMWhZicQv-9CeTQngbmvZlNjbgueVybzOMU1VWBuvx2hPyScoD4xPKommtZ5on0oeiTNn2vUd630_07yNjyvhay6INPMFhjDCDFDpCT9B4tB4LoOAQZkCN0xvQ0AEkX2Ls92NmkPl_2Zzh_:1kXWIv:l7QhGNpkHiJZ2_KbNUCoHOzfS6mtSiHXBnY76BmILCM", "expire_date": "2020-11-10T21:14:53.174Z"}}, {"model": "sessions.session", "pk": "xkam7cojpw9x790p14agd3nssxyu5igw", "fields": {"session_data": ".eJxVjEEOwiAQRe_C2hCYAgWX7j0DmYFBqoYmpV0Z765NutDtf-_9l4i4rTVunZc4ZXEWWpx-N8L04LaDfMd2m2Wa27pMJHdFHrTL65z5eTncv4OKvX5r57GkIRQINmubFAIM5BRo4uLI2gKUYLROZWOo0KgSOmZjffEqgGfx_gDmvjf_:1m3sOA:_We9nUrbgSluVOookpapi0ekzsJndvHW_zpZ_UMVats", "expire_date": "2021-07-29T03:50:18.801Z"}}, {"model": "sessions.session", "pk": "yneuvaphz518b8jlzyp59suc5zd1glga", "fields": {"session_data": ".eJxVjEEOwiAQRe_C2hCYAgWX7j0DmYFBqoYmpV0Z765NutDtf-_9l4i4rTVunZc4ZXEWWpx-N8L04LaDfMd2m2Wa27pMJHdFHrTL65z5eTncv4OKvX5r57GkIRQINmubFAIM5BRo4uLI2gKUYLROZWOo0KgSOmZjffEqgGfx_gDmvjf_:1lefBq:ZdpgtN6yAAPvmB5I_iGqson4isoDfeX_w_1obiZoMr4", "expire_date": "2021-05-20T14:41:22.178Z"}}, {"model": "sessions.session", "pk": "yx4ooyagt45l8baluj30o4w7l1l918iq", "fields": {"session_data": ".eJxVjMEKwyAQRP_Fc5Gshqg99t5vCLvrWtMWhZicQv-9CeTQngbmvZlNjbgueVybzOMU1VWBuvx2hPyScoD4xPKommtZ5on0oeiTNn2vUd630_07yNjyvhay6INPMFhjDCDFDpCT9B4tB4LoOAQZkCN0xvQ0AEkX2Ls92NmkPl_2Zzh_:1kwOSl:NZOV3zlAxy8kuQmySzpuuMnCFPpB7DTFdRlWo9fztlQ", "expire_date": "2021-01-18T11:55:51.440Z"}}, {"model": "sessions.session", "pk": "z7ese0vnq71qy6jklda7oxi3wzbsfc41", "fields": {"session_data": ".eJxVjMEKwyAQRP_Fc5Gshqg99t5vCLvrWtMWhZicQv-9CeTQngbmvZlNjbgueVybzOMU1VWBuvx2hPyScoD4xPKommtZ5on0oeiTNn2vUd630_07yNjyvhay6INPMFhjDCDFDpCT9B4tB4LoOAQZkCN0xvQ0AEkX2Ls92NmkPl_2Zzh_:1kYLbG:MPFy1h0bxyyEiJmX1E8fBLcIA-k1dWGVuV_8uoUR39A", "expire_date": "2020-11-13T04:01:14.621Z"}}, {"model": "sessions.session", "pk": "zz677x7xw99avd1di3t86aor4waenm84", "fields": {"session_data": ".eJxVjMEKwyAQRP_Fc5Gshqg99t5vCLvrWtMWhZicQv-9CeTQngbmvZlNjbgueVybzOMU1VWBuvx2hPyScoD4xPKommtZ5on0oeiTNn2vUd630_07yNjyvhay6INPMFhjDCDFDpCT9B4tB4LoOAQZkCN0xvQ0AEkX2Ls92NmkPl_2Zzh_:1kf57q:Mf6TTgO0EDdc3-HHqnNrCdZoD75b7SQPnsDUmK7X4xM", "expire_date": "2020-12-01T17:50:42.410Z"}}]